batch_size,in_chan,out_chan,side_len,k_size,stride,for_energy,for_time,back_energy,back_time
1162,2,31,61,7,1,8663269.959999999,61874.8358,33571630.46,255121.14612000002
1261,8,12,38,7,3,923901.4,7468.247679999999,1165838.14,8923.28922
1385,14,19,21,4,1,1505621.12,13822.908599999999,2185923.34,21650.184759999996
1774,2,15,39,3,2,549977.8,5452.5445199999995,2252674.9,21139.985999999997
226,1,61,37,8,1,740312.9999999998,7748.626179999999,2988489.6,35300.86451999999
1831,10,26,36,3,3,1821295.42,15325.706799999996,2842789.32,24371.32746
63,8,11,60,8,1,448856.2,4225.11738,551707.6,5710.37072
2039,9,15,19,6,2,635686.86,5845.4433,779499.88,6808.5669
469,3,24,60,8,1,2638868.9800000004,26508.038080000006,4853399.500000001,56178.38822
1964,4,46,20,5,2,311195.54,2729.7189800000006,1110749.06,10046.44472
1831,2,52,29,8,3,373419.42000000004,3545.53534,1865749.6,19016.54046
1871,13,62,26,6,2,3596117.44,34558.55048,4776967.819999999,48674.109599999996
533,1,34,13,3,3,5887.42,161.24276000000003,38242.02,458.72613999999993
1174,6,25,41,3,2,913820.8799999999,7684.10444,2791351.46,23416.48018
571,4,45,23,5,3,42629.259999999995,599.3508399999998,208128.2,1643.65484
305,7,48,30,8,2,351593.38,3095.3385399999997,480125.68,4560.29156
645,13,12,29,6,1,1161749.98,10775.65822,1435792.16,15421.653079999998
952,7,53,56,8,2,5504636.74,63442.764520000004,8300158.32,94749.62950000001
641,1,61,28,3,3,47482.740000000005,646.7339999999999,467253.4600000001,3828.80208
1773,15,40,60,8,2,18095803.3,211239.80664000002,20934024.8,246229.37125999999
525,10,30,52,4,3,1108156.4,9802.73564,1674058.2399999998,14724.361540000002
689,14,39,8,6,2,22377.859999999997,448.71124,62704.92000000002,771.0871199999999
151,8,40,19,5,3,18541.18,247.14476000000005,32144.679999999993,445.12324
904,1,10,16,8,1,18146.96,408.16905999999994,225451.04000000004,2478.0862999999995
1795,4,52,57,6,2,5172151.02,44746.28222000001,12539775.040000001,143270.69147999998
1864,12,23,39,7,2,5129955.0600000005,51504.345380000006,6166722.54,54836.225159999995
560,7,36,46,8,3,866772.74,7160.525739999999,1243263.42,10697.61632
2025,10,53,10,6,3,143798.36000000002,1494.70516,278652.9,2404.22746
1181,15,23,47,5,3,2257373.34,19284.1654,2775814.42,25585.389579999995
211,9,2,43,7,2,340162.74,2944.45878,263179.26,2157.92906
76,2,44,14,5,1,20732.38,166.68876,39045.3,570.4259599999999
1361,12,31,62,3,3,3744104.2,35911.89224,6401209.24,62747.616660000014
170,5,15,36,8,2,57072.64,674.47198,183614.00000000003,1544.4218999999998
1367,5,18,25,7,2,339797.64,2634.3606999999997,782314.94,6248.530000000001
56,9,13,12,6,1,19846.18,198.39452,21946.960000000003,349.76038000000005
1646,6,39,12,3,2,37029.9,584.96228,170644.06,1406.3325399999999
1458,10,56,12,3,3,103289.5,1070.43154,237459.09999999995,1764.73132
338,14,21,17,3,3,27244.819999999996,292.1469,41386.64,485.99158
778,13,60,39,4,3,1323093.4999999998,11510.014940000001,2183806.66,18668.34352
1583,5,32,56,3,2,2474666.54,19786.89246,7816022.42,67611.2967
1620,10,48,36,8,3,3841662.54,34866.94739999999,3905461.2400000007,42299.48096
1486,6,13,42,5,2,720491.28,5032.537699999999,2240093.22,18178.15404
1162,2,40,22,6,1,899577.78,8147.65564,2870789.7600000002,27708.703220000003
1959,15,44,49,7,2,13060705.200000001,144793.61248,15347074.899999997,177630.14281999998
721,1,14,47,5,2,144536.94,1302.4496199999999,1085851.7200000002,8985.9476
1368,6,46,36,7,3,918521.86,7387.73886,1871281.7399999998,16745.076759999996
1559,15,1,26,6,2,1129323.3,9454.405920000001,987260.68,7827.483259999999
2016,5,34,39,5,1,6686276.760000001,66001.08444,14362917.280000001,169120.35501999996
159,2,26,43,6,2,41392.72,564.49862,267431.02,2398.18368
1092,5,44,47,6,3,1037106.68,8181.54684,2895579.8,24647.96952
968,3,48,35,8,2,871690.9400000001,7894.116039999999,1589960.5000000002,15675.61586
682,15,48,18,5,1,926772.6599999999,8386.478480000002,1324289.84,13824.596999999998
1918,13,45,47,8,2,12680012.760000002,138411.16898000002,15323381.2,181780.73122000002
326,14,63,45,5,1,4637634.66,51439.55658,7247160.380000001,87815.76784
1753,3,11,32,8,1,1603410.26,14620.30158,2524698.12,25504.504439999997
1707,8,43,23,8,1,3989818.9199999995,40443.901699999995,4867394.699999999,56414.92668
1062,2,32,63,4,3,819385.1399999999,7834.01936,3576730.2800000003,31553.366239999996
122,13,7,30,8,3,45001.08,582.70528,56905.44,589.2438400000001
1034,15,48,19,3,2,373862.62,2942.35608,763754.1599999999,6071.31972
99,15,34,20,8,2,63868.259999999995,970.70532,102217.78,1096.78566
154,11,50,12,8,2,30462.580000000005,397.84936,47990.6,700.5754999999999
155,2,16,43,4,2,24047.78,287.84094,89637.24000000002,989.47086
1004,4,2,60,4,2,353536.75999999995,2939.44656,1526895.56,12566.43668
110,13,36,32,4,3,62608.48,679.9095,96403.57999999999,868.5757600000001
2047,12,46,44,5,3,5306938.319999999,42610.11052000001,7151252.459999999,64189.305420000004
180,4,44,62,8,2,587785.3400000001,5351.730079999999,1509023.3000000003,16018.88278
75,7,18,15,7,1,16125.48,243.83798000000002,30507.760000000002,512.33906
1696,6,27,60,4,2,3429959.44,26147.363300000005,9184271.0,79913.91984000002
1650,5,50,21,7,1,2136386.1199999996,20378.83214,4322552.42,48766.62966
1377,4,36,16,7,2,80141.34000000001,1080.62262,302531.04000000004,2541.3397
1534,13,51,34,6,3,2735217.62,23233.06772,3570897.88,36707.30064
113,6,61,22,7,1,204523.44000000003,2106.7290000000003,280763.5,3042.36432
1633,9,25,25,8,3,1019189.22,9539.34646,1199679.6400000001,11458.66918
894,13,24,25,3,3,221663.32,2087.4012199999997,496422.06000000006,3690.23782
934,14,60,9,8,3,36176.7,686.14422,104493.06,864.1902400000001
749,9,21,62,8,3,3276076.76,33707.045360000004,3159520.76,35764.28288
1646,9,55,24,8,3,1445970.48,14179.152300000002,1610987.08,16699.85234
326,8,27,55,7,3,728239.1,6321.66726,836795.8800000001,7118.88288
1304,1,57,47,7,3,826629.9400000001,9110.726639999999,4075409.5,44544.743239999996
216,3,60,37,3,3,40261.06,413.1321,131341.25999999998,1257.6187800000002
1153,13,30,9,4,3,15815.38,363.87792,89109.92,671.3351600000002
247,7,47,26,7,1,602607.1399999999,5518.78118,877229.0799999998,9033.27362
430,2,60,60,6,1,4212674.74,43162.68604,13543107.420000002,164855.92386000004
1897,13,22,28,3,1,3295708.0799999996,27381.302000000003,5616694.700000001,53034.35441999999
1294,10,49,13,3,3,88847.5,1012.31782,198656.57999999996,1468.72492
412,7,20,61,4,1,2317559.96,20603.707400000003,4552221.08,50627.2875
1436,13,49,35,3,2,3003490.8000000003,26123.635520000003,4770388.26,43093.39496
1932,10,46,23,7,1,7167969.92,82218.80575999999,8505707.02,98384.18882
1240,5,42,53,3,3,1192733.6999999997,9778.5344,3879640.9200000004,32029.152779999997
1362,6,62,20,4,2,327844.64,2804.1714,1107120.0,9684.477879999999
1963,15,41,63,7,3,12381973.879999999,127564.49808,13676443.3,155397.24318
1662,14,17,41,7,2,5241654.0,49534.31468000001,5893603.0600000005,53342.582420000006
523,10,9,36,7,3,536885.74,4694.466939999999,632185.8999999999,5654.652720000001
558,13,16,32,3,1,792192.78,6830.838760000001,1564473.5999999999,14029.699799999999
1583,1,27,28,4,1,1386294.1,13655.694959999999,4782037.200000001,46251.6496
794,14,57,52,4,1,11035263.48,130655.12397999999,19342159.94,233486.86224000002
1739,12,2,26,7,1,2484107.3599999994,26074.5761,1723290.2400000002,18912.805040000003
1818,1,25,56,5,1,6004786.899999999,62846.92802000001,21248391.68,257296.37626
87,3,19,44,7,1,151216.72,1407.2857000000001,356279.51999999996,3549.74176
838,14,31,62,4,1,9354052.02,105177.59261999998,16966540.96,197945.26478
1588,15,6,63,5,2,5752112.92,50682.15374,5439259.799999999,52755.228119999985
1689,5,14,12,5,2,16517.300000000003,372.96516,99839.9,829.3450399999999
1059,10,33,39,7,3,2208845.64,20511.271439999997,2101247.0199999996,21541.6213
880,9,23,30,4,3,354748.8,3106.57756,615391.44,4928.65344
862,6,43,31,7,3,421980.0399999999,3353.5262799999996,775305.64,7002.17378
1063,12,32,22,6,1,2088496.8400000003,21178.610380000002,2675100.6599999997,30814.292659999996
1818,6,4,28,8,1,1232118.36,12050.19744,1485433.3200000003,14909.836860000001
307,10,16,25,6,1,379049.44000000006,3411.36066,482244.72000000003,4594.215539999999
243,14,5,23,5,2,48194.49999999999,739.38968,87944.04000000001,650.23508
1881,13,55,18,5,1,3446431.5,32794.44476,5199540.06,56320.8538
198,15,59,23,3,1,337252.64,2788.6739399999997,759399.82,6803.09716
568,3,18,35,5,1,841368.6200000001,8012.68554,1628881.42,16199.044399999999
940,4,57,34,3,2,842191.5000000002,8192.57106,2395803.2800000003,22313.570200000002
1329,1,36,62,8,1,7186774.840000001,83179.68551999998,33986593.94000001,419948.10617999994
1682,11,48,23,5,2,1590601.4,14374.301459999999,2193041.2399999998,21402.865400000002
463,7,63,53,4,3,634441.8,5378.218699999999,1925150.0400000003,16492.436800000003
995,4,9,29,5,1,449309.14,3884.3979799999993,1248989.7,12444.66852
234,7,60,41,4,2,265114.06,2182.7110199999997,758838.4,6517.148279999999
1673,3,54,27,8,2,822511.34,7415.210319999998,1536546.38,14847.831779999999
1441,2,60,60,6,2,4017669.16,37419.55645999999,12487210.52,147987.8333
499,12,29,44,5,2,1131100.54,9920.73426,1708106.0400000003,15733.84838
1095,5,43,25,7,3,262252.64,2245.83778,625779.6800000002,5544.45744
147,15,28,16,3,1,42884.42,557.79316,85226.87999999999,858.20214
82,13,11,36,8,1,329728.12,3415.1940799999998,362594.34,4068.66892
1712,11,2,61,4,2,4177403.84,38299.64076,4118890.9,40319.56762
1179,3,55,47,5,1,6740438.1,63237.50316,14817414.38,169460.43871999998
1109,4,13,17,4,2,9902.34,383.39506,144201.28000000003,991.0722
1429,8,17,9,7,3,6976.3,299.30833999999993,82325.23999999999,618.4775
1861,13,13,16,3,1,501324.48,4058.45542,930384.4800000001,7883.9564199999995
1891,12,28,57,6,3,6384438.0200000005,63641.93114,8039372.739999999,83626.28664
382,5,27,59,8,2,998874.4199999999,9076.31356,1946284.02,20215.81872
1555,2,45,62,7,3,1770654.5799999996,16260.31336,6850653.88,73232.0764
1549,3,39,59,3,1,8438585.64,89322.29941999998,23637338.140000004,249780.44748
412,4,17,51,3,2,164087.7,1279.4026,801688.62,6451.7228000000005
1756,3,1,29,3,3,30963.059999999998,538.58618,84930.24,574.12
573,15,54,14,8,2,241845.11999999997,2323.49856,258666.3,2480.41098
387,13,52,18,3,3,56900.520000000004,602.7223999999999,112528.9,937.32862
1310,7,15,45,7,1,4574066.7,38935.012279999995,7412323.5200000005,77762.91824
720,1,52,16,6,1,77197.06,1068.5207799999998,826947.46,7627.45888
1682,12,62,53,8,3,10098857.260000002,118392.80937999999,12327589.260000002,144656.83974
1446,1,48,9,4,2,11904.280000000002,327.18582,87188.51999999999,903.08948
180,8,60,10,6,1,33718.2,455.78063999999995,76335.2,775.1625799999999
721,5,7,62,5,2,483240.9,3445.4516000000003,1556037.44,11666.900699999998
173,1,25,11,7,2,8020.0,93.25814,26229.22,353.5949
361,12,32,12,4,3,12169.14,272.77768,39837.439999999995,503.9648399999999
436,5,50,36,5,1,1680952.64,16146.956540000003,3797827.1400000006,42784.93244000001
2024,6,41,46,4,1,10013277.64,97535.4442,22521285.1,260937.5673
1568,7,14,11,5,1,77470.49999999999,893.21048,189000.9,1557.37808
836,1,23,50,8,1,1891022.8800000001,20023.77274,8318575.06,101161.92678000001
453,9,39,37,5,3,502768.4800000001,4271.10894,691551.02,5870.53852
77,2,57,24,6,2,14555.64,254.73514000000006,68709.54000000001,866.7917000000001
541,13,17,60,4,1,4805601.639999999,47323.42298,7120760.580000001,80582.9966
951,3,34,17,7,3,30460.120000000003,508.15472,77398.48,688.7137
177,15,4,59,3,1,588499.4199999999,4840.88346,739609.84,5908.947239999999
437,7,13,43,8,3,207041.72,1519.8317,469473.86,3077.44178
1782,8,11,14,4,2,59496.92,827.6221600000001,214730.82,1361.40568
202,8,13,63,4,2,266362.93999999994,2113.99142,565687.02,4291.89078
254,3,3,43,8,1,250905.03999999998,2502.51544,227661.81999999998,2268.9756399999997
803,3,56,62,4,3,1142373.7599999998,9831.633980000002,2874655.66,24994.05038
913,12,48,57,4,3,2706848.54,25467.784160000003,4312087.36,42564.55996
1134,10,41,28,5,1,4576821.779999999,46147.06908,6588370.5200000005,72617.26894
1388,2,19,9,4,1,20626.120000000003,412.26257999999996,127010.18000000002,1221.6380800000002
271,3,26,24,8,1,163925.28,1540.96366,287764.23999999993,2681.0349200000005
1915,14,49,22,8,3,1547466.6400000001,13660.909640000002,1644760.22,15282.43046
1123,6,40,49,8,2,3479292.9199999995,33520.88154,6160084.32,59894.35802
689,11,59,10,6,1,225718.48000000004,2214.39786,278286.62,2961.47466
233,2,7,18,6,3,13818.340000000002,124.45284,18893.98,355.1084399999999
950,5,19,23,8,2,153404.16,1438.35728,374606.06,3364.6796600000002
1445,1,60,25,3,3,119102.48000000001,1196.59822,907362.2200000001,7734.3189
231,10,10,63,7,1,2846926.3400000003,29845.760840000003,3101398.2800000003,40925.61398
470,6,4,55,7,1,1381134.12,13787.23742,1550679.56,16616.020379999998
831,9,52,14,5,1,614851.92,5895.08528,857408.7399999999,9003.77314
1852,14,55,10,5,1,560439.26,4868.4301000000005,832827.56,7877.9152
1285,1,25,8,5,2,9387.2,147.86187999999999,38725.5,583.2651000000001
1310,15,24,41,3,2,2372261.98,17577.28358,3851810.2600000002,29973.328879999997
686,15,23,37,4,3,722687.4,5836.713519999999,1027795.18,7971.372720000001
713,4,25,12,6,3,13687.659999999998,211.7317,45059.62,644.04426
1094,2,4,36,5,1,323588.02,2966.3732000000005,1139126.68,11184.06224
204,9,23,51,8,1,2877955.2800000003,32309.749040000002,3117799.6,41182.28569999999
1364,2,28,45,5,3,327213.58,2826.5950199999997,1980073.02,18061.98744
1045,6,48,20,3,1,974018.54,9108.52798,2498801.0,23675.514
249,15,32,22,3,2,53216.43999999999,670.3966800000001,128755.74000000002,1108.36972
1479,14,29,16,7,1,1454036.8199999998,14239.50288,1432356.98,16129.127920000003
1523,12,61,36,5,1,11976415.879999999,142986.7056,19602640.26,239561.56866000002
285,10,21,46,4,2,451567.42000000004,3624.9183600000006,725811.12,6106.468900000002
1978,9,41,18,7,2,1052637.7200000002,9901.03412,1236023.4800000002,12828.808359999999
1307,15,35,11,7,2,157372.75999999995,1569.02406,255505.95999999996,2090.7223000000004
1235,8,59,36,8,3,2029166.02,18217.25856,2300969.46,23353.88594
1674,3,60,59,8,1,21139698.04,229528.46504,38434586.7,473796.74853999994
1716,4,24,24,3,2,187550.81999999998,1685.2125800000001,799192.26,6298.768300000001
888,5,61,23,6,1,1617678.98,15631.382740000001,3548286.88,37459.82512
275,8,26,57,5,3,381046.38,2841.0479399999995,741978.1,5893.8989200000005
1629,15,22,27,7,2,2090939.5,17644.05556,2606326.32,26150.925939999997
380,1,44,17,6,1,39739.840000000004,570.4862999999999,387451.44,3396.4178999999995
1579,7,29,40,3,3,525286.78,4190.73828,2315896.22,16952.981860000004
1492,1,33,52,4,2,1666644.9200000002,15731.188579999998,5981361.5200000005,58263.610640000006
167,1,48,58,7,3,56984.81999999999,680.16276,549118.4400000001,4864.86702
693,2,12,15,7,3,12596.380000000001,153.34895999999998,34455.44,524.02656
490,14,2,12,3,2,32148.339999999997,412.0317,33060.240000000005,431.99456
1143,3,24,30,5,2,212740.0,1648.19888,550594.22,4314.33278
666,2,17,32,3,2,49601.86,594.39782,374167.80000000005,3139.2968
120,1,46,11,8,3,2929.68,84.41394,29228.479999999992,324.32578
1355,14,4,62,3,3,3317386.56,28230.96022,3401644.0799999996,32215.16578
1476,9,20,40,4,1,6095248.1,55401.7414,9662626.66,94358.24132000002
163,7,61,37,3,3,41639.280000000006,472.7371999999999,165020.27999999997,1246.9785
821,12,4,44,3,1,1995451.52,16946.80518,2224225.24,18654.935940000003
1046,6,37,29,8,3,474299.42000000004,3798.3623000000007,794029.92,6903.828660000001
2017,8,2,31,5,2,964644.8200000001,7810.890240000001,1004846.0599999999,7502.5596399999995
1535,13,52,38,5,1,12015287.84,145150.61342,20555914.200000003,244885.34595999998
1047,11,27,56,3,1,8016247.8,81046.8144,13775570.180000002,157619.11838000003
1219,13,56,57,8,2,13292213.219999999,166523.47292000003,16237716.0,198083.38981999998
306,9,51,46,5,3,612524.0599999999,5137.7834,870498.26,7718.64936
491,4,60,22,8,1,584229.5,5704.2915,1571043.34,17166.04028
309,9,18,51,6,1,2992251.8,32276.477639999997,3679090.94,46281.11484
1889,5,55,23,6,1,3078107.32,27203.306180000003,6540817.0600000005,69226.13896
936,2,47,44,7,3,401441.83999999997,3537.8328199999996,2157703.3,21826.44244
1376,10,38,49,7,1,24479453.94,303366.53677999997,27987781.200000007,373106.63373999996
1344,9,17,8,6,1,54651.979999999996,997.8902999999998,164069.44,1108.0956
2020,8,38,44,8,1,18413968.96,225244.75623999996,24782060.560000002,308506.92183999997
40,15,7,16,7,3,12314.419999999998,146.46788,17097.1,252.63759999999996
1471,9,50,45,8,1,29445549.580000002,366629.37264,36472070.980000004,522587.3136
2036,5,44,57,4,2,5150089.4,39880.83078,12897835.6,116036.56120000003
1829,14,49,18,4,1,2781926.46,26487.39646,4223166.72,45455.23308
1223,4,4,55,5,3,262527.46,2221.09666,1431229.1800000002,11324.5142
236,7,54,35,8,3,261193.28000000003,2342.5490600000003,313564.82,2903.1961199999996
1360,11,32,54,6,2,7182808.779999999,65614.89038,9280940.620000001,93069.51864
227,14,22,59,7,1,4175989.16,49448.5984,4696540.64,57805.5824
600,13,22,27,3,3,162029.63999999998,1485.5783,369398.46,2616.6882
1618,15,13,22,8,2,1059634.78,8764.6157,1109850.68,9768.11936
777,15,40,39,8,3,2123109.7800000003,18943.704260000002,2215660.84,22391.507139999998
872,13,40,16,7,1,1095646.6800000002,10876.27792,987225.24,11230.80042
760,8,59,48,4,3,1394102.8400000003,12309.61334,2595882.0,22838.91514
958,14,28,57,4,3,2572871.8400000003,23614.49408,3974340.339999999,37966.261
514,5,33,8,7,3,6291.460000000001,135.18874,37911.200000000004,494.32086
613,13,34,37,6,2,1739530.4200000004,16438.33814,1801007.3199999996,18714.817959999997
1566,8,32,21,3,3,199275.62,1865.7729199999999,506005.68,3890.49016
1475,6,31,38,8,2,2158220.76,18636.54854,3586976.8600000003,37325.2564
1133,11,12,10,3,3,6701.640000000001,340.3394200000001,70622.44,561.3081
1402,13,41,57,7,2,12127240.739999998,138363.28908000002,14698827.080000002,171417.34164
624,12,25,8,6,2,16175.480000000001,415.68336,66215.63999999998,665.1727
1857,3,8,58,4,2,1075298.6800000002,8615.552979999999,2345050.3400000003,18202.58912
171,3,17,18,6,2,17503.640000000003,142.25618000000003,35733.560000000005,317.5919
1197,14,14,28,5,1,2303001.9000000004,19278.38088,3105707.3200000003,29198.96908
1954,5,23,59,3,2,2678061.8999999994,20100.678720000004,8224825.139999999,67511.61368
53,2,53,31,5,2,14038.02,238.74044000000004,71981.08,874.7555
1150,4,28,49,4,3,544357.74,4731.9233,2304576.68,19715.376640000002
1316,15,58,62,4,2,9495584.860000001,91998.88355999999,15120032.02,170946.92289999998
271,8,23,22,4,3,25386.980000000003,317.92828,66592.8,534.44846
1929,13,30,43,8,3,4936348.5,42001.918419999995,5623425.580000001,52435.631819999995
1331,10,30,27,4,1,3099572.1399999997,29873.62928,5175465.34,49801.681679999994
206,7,57,55,4,1,2364708.2799999993,22586.22036,4758635.279999999,53848.123159999996
1582,9,23,13,3,1,330024.77999999997,2739.0164800000002,719948.1399999999,6115.2643
1362,2,49,63,6,2,3272409.84,31976.157659999997,10973797.56,130298.41642
1667,9,59,23,6,2,1884903.64,18764.30342,2534270.92,28254.64606
1691,7,30,35,7,2,2076912.4600000002,18198.478519999997,3382595.1799999997,33116.0505
1961,8,25,20,6,3,317284.36,2660.6336600000004,625607.48,4733.488579999999
593,11,50,32,3,3,515482.1,4460.11586,739204.7,6509.4214600000005
543,13,44,49,7,3,2196431.2199999997,19557.676719999996,2354458.08,23836.417999999998
1320,6,18,30,6,3,239879.77999999997,1839.33576,633363.76,4959.8395
585,12,47,54,7,2,4667678.5600000005,52607.90668,5523142.5,63717.76466
1758,4,9,21,5,1,357991.0399999999,3015.8264400000003,1071919.9200000002,9979.04234
42,6,8,58,6,2,17397.4,378.02699999999993,49511.619999999995,592.2799
1221,12,5,19,8,3,232230.87999999998,1948.1516,193195.25999999998,1500.3605199999997
952,1,39,24,4,3,29256.560000000005,427.3732999999999,239934.58,2172.64796
836,11,8,12,3,2,34994.979999999996,388.59435999999994,44583.659999999996,462.9352
484,8,45,32,8,2,775333.76,6985.778220000002,935371.14,9235.14864
995,7,57,29,5,2,934807.26,8745.699079999999,2050705.2600000002,19802.998639999998
106,7,51,9,7,2,6230.460000000001,126.16039999999998,24639.84,315.38528
1125,10,37,34,8,2,3369103.8999999994,36748.778340000004,3437630.46,40472.94984
1788,4,13,44,4,1,2937324.14,24328.972239999996,7643469.119999999,73486.47938
396,3,42,52,6,2,786588.6,6889.525020000001,1677080.6,15232.805960000002
255,14,17,33,7,1,1251589.9,12528.144660000002,1183986.2,13516.22616
1945,12,30,19,6,2,1017273.9400000001,8696.30686,1268871.3,10481.397819999998
815,7,11,57,4,1,2849976.9,22611.771819999998,5698657.2,54227.32028000001
1337,2,11,32,6,3,41921.34,670.29018,482076.42000000004,4042.3958199999993
1129,4,54,36,4,1,3751208.7000000007,34643.08994,9319167.959999999,105690.2841
1927,15,57,55,8,3,12361222.040000001,137081.79022,13922903.820000002,163384.93243999998
1804,12,43,49,7,2,12807190.18,128174.89246,13894448.02,160476.67361999996
291,8,12,9,4,2,7652.58,131.41062000000002,20433.260000000002,286.88076
1610,15,42,63,8,3,11555340.24,124512.54647999999,12866348.879999999,146793.71828
1172,15,29,17,7,1,1341140.2600000002,12836.949400000001,1400402.96,15263.718999999997
734,5,20,29,4,2,103978.02,1094.4206400000003,506099.81999999995,3586.8268000000003
983,5,63,35,7,3,633449.1599999999,5467.238719999999,1616211.74,14938.185240000003
275,12,42,42,5,2,769641.62,6669.06586,1054133.02,10099.33046
1991,3,39,53,5,1,10362633.42,103847.32599999999,23756616.46,259464.88162000003
854,5,50,62,7,1,11838006.799999999,146414.12545999995,28590311.340000004,351235.60816000006
37,1,47,48,7,2,20300.239999999998,313.01262,152987.86,1577.56892
1963,4,13,14,7,3,14427.460000000001,385.8353,138774.06,1031.6204400000001
1433,6,11,45,8,2,1342658.9600000002,9942.17946,2542998.7800000003,22893.87072
1972,12,34,38,5,2,5213675.6,46472.831439999994,6879674.779999999,62627.228839999996
1491,8,57,16,6,3,267824.00000000006,2299.96906,389862.30000000005,3243.0673
1412,4,6,21,5,1,227459.16,2026.12622,467125.36,4196.60506
510,7,37,17,7,2,90406.31999999999,1104.41774,158889.94,1629.1971600000002
1458,14,28,27,8,2,2254549.88,21409.252,2360030.6600000006,26364.945259999997
1093,6,19,45,8,2,1492472.94,12854.736200000001,2647858.2399999998,26399.38388
1823,12,35,29,4,1,6046781.460000001,57111.77563999999,9211430.299999999,93921.83938
298,15,27,9,8,1,17921.120000000003,349.15094,38358.119999999995,505.23871999999994
47,15,25,13,7,1,31761.4,334.24976,27864.96,480.04328
619,12,61,9,8,3,24733.86,493.5876399999999,48555.740000000005,669.5918999999999
1192,7,49,40,3,2,1599007.08,13300.49872,4054113.16,35392.5587
45,11,33,54,7,1,1080134.08,11603.784440000001,1038973.0600000002,13432.060080000001
254,12,32,30,8,3,246189.6,2115.33252,262310.12,2352.32866
1542,4,36,29,5,3,274312.0,2267.7269000000006,951270.8,7777.41886
1290,11,42,62,5,1,23974345.339999996,300470.8088,41416418.699999996,513157.60725999996
903,10,60,57,6,1,23149962.700000003,287370.39798,34124738.06,440288.26336000004
353,11,11,45,8,2,965253.9,8544.80456,1163593.14,12904.964860000002
201,1,20,9,8,2,5913.08,86.48679999999999,13662.079999999998,256.11942
268,1,13,36,6,3,9074.7,210.95194,86215.72,1076.59632
1177,5,28,8,7,3,3321.5199999999995,169.92856,28221.379999999997,459.92664
903,5,32,44,8,3,680767.3200000001,5721.031820000001,1615265.62,14789.7005
1837,10,27,60,5,3,5822831.74,55194.810780000014,7979038.44,82936.97724
257,8,51,35,7,2,547270.3200000001,4986.01554,653017.2,6316.84926
140,1,58,18,5,2,8930.62,179.02024,47938.079999999994,708.9129
1832,10,2,49,6,2,4368298.180000001,36337.17508,3405082.84,29857.34216
74,6,31,59,7,1,807436.8600000001,7932.85024,1240378.88,13822.365399999999
816,14,19,19,4,1,539383.3200000001,4459.551440000001,832239.04,7781.43876
917,10,5,29,7,2,707704.4400000001,6409.874739999999,612433.76,5458.01088
903,10,41,30,7,3,1116985.74,11033.012560000001,1707660.48,20837.920540000003
548,15,6,55,3,3,1157580.08,9560.67788,1231953.6800000002,10731.063979999999
411,14,36,28,4,2,372069.42000000004,3114.1202600000006,541824.74,4661.200780000001
650,4,22,16,3,3,11899.4,193.49364,34169.840000000004,480.94857999999994
679,11,43,9,5,3,33867.06,418.16648,42463.2,613.8106
1696,4,53,15,8,1,567487.54,5327.79098,1470134.18,15377.8939
1910,11,7,28,6,1,3369872.94,29998.24214,2779354.4400000004,26372.300020000002
1075,2,11,11,8,3,6499.0,188.71922,32162.920000000006,535.4839
773,15,61,14,5,1,683754.3800000001,6308.14364,1038083.2999999998,10162.76542
1409,7,20,33,7,1,3544729.7,32491.81176,5732769.720000001,60463.58924
1436,11,58,42,5,3,3974213.4599999995,40045.52154,5946193.200000001,49800.13444
155,8,60,45,7,1,2457071.2399999998,25966.87244,3120630.56,38881.331340000004
688,3,38,26,6,2,177081.99999999997,1475.6011,348411.0,2733.59342
2024,5,39,36,5,2,1923337.4,16037.82274,4609247.160000001,41374.258879999994
1431,2,41,19,7,1,809082.48,8120.47316,2696349.26,31544.99986
2011,8,18,24,7,3,630698.9800000001,5533.465700000001,784504.8,6336.8804
1720,2,7,23,8,3,32470.659999999996,579.5441599999999,219395.24000000005,1841.9042999999997
1454,6,55,17,6,1,1228211.0,11697.824900000001,2419809.38,24728.378900000003
941,7,45,16,6,1,521752.8,4478.64434,891145.18,8720.244620000001
846,14,56,33,6,1,6461748.62,75653.48712,8987785.84,109170.2193
1999,5,55,21,8,3,399731.62,3147.20568,949237.1,7983.08128
410,3,19,26,5,3,18137.16,271.27964,29434.74,485.2550799999999
345,10,62,33,5,1,2588631.02,27599.434880000004,3795233.2399999998,46644.149300000005
671,15,14,59,3,2,2049886.14,17694.59766,2781308.8000000003,25958.80496
1508,5,37,8,5,1,37130.12,643.3651000000001,128018.35999999999,1206.66132
1096,13,11,60,4,2,3340826.3,31207.022699999994,4645933.000000001,45386.00884
399,4,53,23,5,3,34103.94,494.97364,139617.53999999998,1274.3082399999998
1080,2,11,51,3,2,426715.27999999997,4059.302620000001,1947071.3400000003,17980.87774
608,6,11,31,5,3,42343.59999999999,701.3014599999999,221817.1,1846.27
146,13,27,62,3,1,1572458.1400000001,14489.30426,2722621.28,27998.576599999993
1443,4,38,63,4,2,3134345.0999999996,27591.05894,8704750.680000002,88867.26785999999
1787,9,32,42,6,3,3577886.340000001,30674.875760000003,4364907.04,41721.165859999994
582,1,52,57,7,3,500019.48,5303.6765000000005,2291150.08,24731.2
447,3,46,52,7,2,958012.5999999999,8832.493480000001,1817477.0400000003,17795.45374
1737,3,48,53,5,2,3624750.3200000003,28733.15692,8120633.460000001,72621.76656000002
1178,12,15,40,4,3,1394085.76,11244.506940000001,1827000.9,14060.29538
1040,5,7,59,6,2,780321.4400000001,5836.098480000001,2198763.92,17458.389860000003
2041,8,34,45,6,1,14621014.839999998,164190.79116,21086059.299999997,252260.23292
242,1,13,57,7,2,45527.18000000001,667.79172,530759.16,5055.59236
1278,6,31,38,8,3,810414.2,6540.09658,1750780.4400000002,15519.41582
1399,13,17,25,7,2,1447116.62,13454.338460000003,1373532.88,13587.1692
1757,9,49,16,4,1,1966811.4200000004,18928.28332,2995215.6799999997,32197.088160000003
575,14,35,18,4,3,75506.31999999999,896.3452000000001,171916.12,1119.77212
1120,6,17,59,3,3,764327.9600000001,6075.9384199999995,2710806.02,20478.16636
261,2,39,31,8,2,67729.31999999999,802.2006200000002,351418.76,3356.8853000000004
1413,11,61,34,8,2,6172149.8,68849.70794000001,7074498.4,84800.98299999998
968,10,38,55,4,1,11229794.239999998,123658.44499999999,17172250.979999997,203353.22446
2018,1,48,56,8,3,1725793.98,16479.765819999997,8030633.779999999,86590.94996
57,2,8,29,7,3,10269.740000000002,102.15506,17537.82,303.96346000000005
158,5,28,48,8,3,94940.06,1101.61162,285350.74000000005,2286.12048
194,2,21,26,5,1,32234.999999999993,539.7108599999999,299117.93999999994,2448.5788399999997
578,13,36,13,6,2,90671.08,1101.39124,138709.34,1194.38158
980,5,32,44,7,3,642995.18,5554.49116,1736595.9,15697.130579999997
1067,14,44,33,5,2,2434510.2800000003,21633.02904,3266565.06,32266.25562
1811,14,46,51,5,2,9052566.02,86786.14392000002,12523772.860000001,136962.02938
276,13,49,50,7,2,2311766.52,24079.3389,2341168.3800000004,26790.39776
67,12,31,48,3,1,326246.69999999995,2609.2353200000002,624854.4,5590.650159999999
334,6,41,31,3,3,37184.95999999999,497.64876000000004,172743.74,1396.3423200000002
214,13,62,56,3,2,1136492.4,10722.382959999999,1969536.0,20055.982240000005
611,15,21,24,5,3,179809.14000000004,1666.8288,318153.48,2134.263
1368,4,38,53,7,2,3233967.5599999996,28869.848799999996,7411428.819999998,76738.9696
251,14,35,27,5,2,254779.58,2168.5534199999997,342773.77999999997,2841.4464799999996
1990,5,6,54,4,2,1011548.8200000001,7514.016260000001,3419824.0800000005,25496.724280000002
156,11,11,28,6,3,62378.979999999996,501.82108,71262.04000000001,671.87974
1729,1,9,22,8,1,178987.61999999994,1735.0579400000001,1245958.66,13074.5095
1734,14,60,11,3,1,797379.58,7625.115059999999,1574878.7,15317.735239999998
1692,3,17,40,5,3,281022.2,2063.88506,666437.5999999999,4814.00994
1269,3,26,8,8,1,8183.619999999998,154.06555999999998,30727.380000000005,334.80888
1389,6,21,30,3,3,173695.82,1451.24244,753600.4,5741.96432
346,5,15,18,8,3,10665.24,223.52524000000003,45782.36,496.9129
1252,5,1,11,7,3,6534.42,209.30501999999996,21745.58,358.60712
1256,12,22,10,7,3,35615.14,644.1516799999999,132632.8,1100.1963200000002
762,7,36,61,3,3,1101360.6400000001,8520.34274,3052936.5000000005,23969.146180000003
374,6,4,27,6,1,153080.7,1689.35734,197735.06,1751.6249600000003
540,15,23,50,6,1,4885114.4799999995,53729.2528,6894162.08,81421.30836
1809,9,19,45,6,1,13051852.6,136510.46574,16996317.52,200280.47566
206,10,57,55,5,2,1410859.4,14291.13426,2042569.2000000004,22859.916319999997
860,3,39,38,4,3,179925.06,1589.09336,606385.24,4796.63944
967,2,48,23,4,2,123042.93999999999,1178.4526,665586.7,5732.94518
1900,4,51,14,5,1,772938.62,7591.488620000001,1951428.1199999999,19549.62776
312,6,51,24,3,2,37285.060000000005,558.6018000000001,197849.75999999998,1575.65922
1282,15,9,43,8,2,3658956.6,30215.113320000004,3859455.56,36348.56828000001
224,13,14,50,6,1,1429746.1599999997,13296.997899999998,1761527.4400000002,19429.350759999994
119,2,42,23,7,1,42051.90000000001,646.03846,252033.05999999997,2557.29554
1987,9,48,52,5,3,6514130.0200000005,56123.746940000005,8630755.52,82585.68299999999
1832,9,36,41,4,1,11451624.819999998,122089.40827999997,17358075.559999995,204148.65142
1230,10,15,21,7,2,479554.54000000004,4077.25192,594062.1199999999,5277.70746
1631,11,19,49,3,3,3044569.9000000004,23254.393959999998,4161783.7600000002,33029.4254
1686,13,16,61,4,3,4538051.14,39467.81756,5906677.960000001,55834.031460000006
271,9,6,26,6,3,48884.18000000001,632.34524,58653.4,618.22082
1514,14,58,29,8,3,2893754.8,26632.67466,3084632.0800000005,31431.842340000003
507,1,56,29,8,1,754379.2799999999,8330.727640000001,3392350.8200000003,37418.98856
470,9,20,39,7,1,3336339.12,38823.27882,3662699.3200000003,44495.42352
817,9,55,36,5,1,5885043.539999999,68172.14154000001,9604549.440000001,114413.77607999998
334,13,5,61,5,1,2211091.68,22067.48892,2276809.38,27639.131520000006
1538,15,60,52,5,1,25428736.1,315741.62185999996,42259313.160000004,533603.9675
113,10,41,47,6,1,1739563.42,17955.1394,2091864.8,26449.78998
82,4,3,42,4,3,37474.24,578.5749800000001,32344.940000000002,508.9551799999999
1318,8,58,19,3,2,366086.78,2953.53058,1030439.1600000001,8073.566100000001
329,10,54,45,6,1,5078125.5200000005,58824.56174,7061974.0200000005,88919.33942
969,12,57,45,7,1,19883468.44,250069.14138000002,24559631.880000003,335558.71672
349,14,46,23,6,1,1000881.2200000001,9132.0624,1232749.56,13315.677479999998
652,2,13,31,5,2,46862.64,568.85242,310277.5,2766.8562599999996
813,1,54,41,4,2,779592.8200000001,8094.447739999999,2851932.2800000003,28209.94032
240,5,50,42,6,1,1536039.8,15968.899020000003,3173353.6999999997,37034.88256
1019,3,37,16,7,1,273445.34,2330.8748000000005,468264.18,4156.76948
655,5,21,43,8,3,288284.18,2199.14488,835946.36,7336.30348
751,8,11,9,4,3,8681.62,178.94574000000003,35779.979999999996,322.53873999999996
1809,12,12,14,8,2,320986.76,2662.99908,329383.98000000004,2788.47812
1538,1,50,48,4,1,7102004.5200000005,69861.6061,22234679.420000006,262444.50920000003
1968,5,57,56,7,2,7890328.859999999,78302.92926000002,16087309.9,194124.0747
436,6,10,41,7,2,240609.78000000003,1878.0885999999998,573099.1,5058.0860999999995
1140,1,35,9,6,3,10646.939999999999,170.78228000000001,48878.00000000001,675.7689199999999
1781,8,60,39,7,2,6409621.0200000005,62832.316340000005,7939602.519999999,82443.91076
1672,14,54,29,7,2,4457057.619999999,45986.63765999999,5003375.86,53651.52096000001
1865,7,1,38,8,2,1140981.0,8936.09818,1532527.72,11922.77008
1007,8,23,41,3,1,2701221.2,24214.010159999998,5278355.659999999,54514.43854
1947,2,31,29,4,3,133286.96000000002,1454.48516,1216038.22,9402.505159999999
1174,15,37,41,3,3,1879732.8199999998,14716.714760000003,2826875.0999999996,21136.14334
159,7,29,17,8,1,102076.14,862.97632,178355.18000000002,1054.21976
1931,6,9,14,6,2,39643.46,797.35878,217091.74,1431.17468
1744,11,55,51,8,2,15511930.52,181339.47856,18170322.099999998,215543.96455999993
666,2,21,36,4,3,22557.32,472.71165999999994,310168.88,2499.32154
480,12,46,22,7,2,473608.44000000006,4225.59334,498812.3,4992.522620000002
1493,5,20,53,7,3,1170960.16,8648.328539999999,3169117.92,26548.658600000002
1976,10,19,49,7,2,8422890.999999998,83770.47887999998,8603665.72,93980.74003999999
396,8,46,35,4,3,192377.50000000003,1506.43622,393090.96,3156.1422399999997
543,15,27,13,6,2,79367.44,859.6702799999999,131649.96,1071.6067600000001
1309,10,47,10,3,3,28912.239999999998,580.80694,131972.34000000003,933.80422
1368,13,8,20,3,3,318519.62,3138.0731799999994,533610.7,4370.303860000002
1889,3,3,12,5,3,10745.8,306.571,26956.72000000001,405.18682
390,6,21,37,6,3,105247.48000000001,810.6520999999999,279236.42000000004,1946.4446400000002
168,8,13,59,3,2,129740.92000000001,1140.9577199999999,424322.62,2903.7583200000004
540,14,12,60,7,2,2458807.1599999997,21291.617199999997,2494773.94,26692.962759999995
1836,2,14,45,3,3,227478.68,2155.20014,1716589.7399999998,15185.78088
1974,6,56,24,6,2,1274737.9200000002,11491.957559999999,2624512.3400000003,25909.6551
987,12,63,38,7,1,14262635.6,179161.83378000002,17368730.000000004,232075.95674
1710,13,7,22,4,2,647049.1599999999,5586.518539999999,744725.9,5848.70566
1391,3,20,34,4,2,468378.79999999993,3977.3912000000005,1093136.9,9474.960439999999
2030,8,54,56,8,1,37031332.2,458287.4118999999,61703095.17999999,799743.79836
493,12,6,50,7,2,1443885.44,12452.901999999998,1150097.1800000002,10033.9194
687,3,61,53,3,3,729690.4400000001,6612.3712,1999349.1400000001,17735.41722
1261,10,34,32,3,3,992420.5599999999,8667.820579999998,1433328.8399999999,12018.19458
379,8,13,26,4,3,31381.8,415.08812,111279.02000000002,972.00498
947,13,49,41,7,1,14457755.940000001,181696.12273999996,18464911.3,246488.40096
782,1,62,22,5,2,63729.04,921.9898800000001,703472.3600000001,5997.13732
216,10,33,9,3,3,16464.82,241.88888000000003,37860.06,480.0411399999999
1560,1,27,8,5,2,13940.4,192.92108,50352.64,671.89504
113,3,51,9,6,2,3798.8199999999997,102.09268,16256.079999999998,259.66602
1903,3,16,34,4,2,440887.4600000001,3460.07632,1298182.7999999998,9727.36376
394,3,41,18,3,1,96028.86000000002,854.69406,436847.0399999999,3649.3462
1844,10,53,17,6,2,946630.8799999999,8739.36636,1209008.1400000001,11919.554059999999
1534,11,52,61,7,2,16690776.339999998,213459.30521999998,20714908.0,252617.65964000003
609,15,9,59,6,1,5522155.0,60091.370019999995,6879260.94,82319.62584000001
899,6,28,62,7,1,9662614.52,120093.85304,17342809.599999998,203601.87832
942,13,50,42,3,2,2569541.84,24524.8972,4747336.4399999995,39851.188819999996
698,3,41,63,3,1,5447256.600000001,52158.17662,12851806.66,143319.13432
156,6,42,49,6,1,1392030.18,13954.266700000002,2449216.1399999997,28794.48768
50,10,55,25,8,1,254890.68,3137.6585999999998,287141.6,3698.9979599999997
995,9,30,23,3,1,1320863.2799999998,12655.24318,2479623.66,24571.857120000004
1120,5,28,48,4,1,4211606.58,38512.19408,9658240.680000002,109864.73663999999
393,1,62,52,6,3,165804.06,1586.01058,1390472.46,13651.474619999999
700,6,59,44,5,3,676107.8200000001,5819.727279999999,1913760.9400000002,17519.274579999998
722,3,2,20,8,1,85813.95999999999,1166.01474,96006.9,928.5919200000001
1826,10,13,21,7,3,589955.86,5029.53736,717432.2200000001,5977.461340000001
412,15,41,34,3,3,318258.43999999994,2387.29502,564224.62,4195.927860000001
455,12,22,38,3,3,419498.44000000006,3687.3987,609930.0999999999,5113.867939999999
1590,10,1,48,3,3,2421605.1799999997,19372.06312,2604664.88,21140.13826
390,4,54,14,8,2,19926.68,434.17052,94999.81999999999,1047.57762
1919,13,10,10,8,3,33417.92,664.5921599999999,115595.42,766.17914
1771,1,2,33,6,3,34304.09999999999,619.97604,583290.84,5761.44898
1159,1,58,37,3,2,1099613.9,10990.966980000001,3830136.72,36563.11344
1369,2,1,23,4,1,75768.84,975.23264,334313.12,2991.61278
1309,5,10,43,5,2,540874.0199999999,4038.7890799999996,1815456.6,15016.341699999999
145,1,29,34,8,3,4942.64,204.72985999999997,70854.32,1102.5377599999997
1610,5,24,12,5,2,14786.36,427.12896,112489.9,900.66106
838,12,51,62,4,3,3379059.9400000004,32099.792680000002,5021852.38,49922.180700000004
248,13,61,57,6,3,1282037.68,11810.25308,1631326.4600000002,16938.94206
2035,9,49,25,3,2,1957122.64,17412.730040000002,3239747.6199999996,30658.732799999998
583,10,44,46,5,2,2467107.94,22776.308979999998,3255678.92,34234.7473
797,8,58,17,7,2,334009.10000000003,3225.3852199999997,414942.77999999997,4037.2847599999996
860,13,29,35,6,3,1179319.56,9756.37068,1648870.24,14032.88592
190,2,58,44,5,2,126394.85999999999,1146.7501800000002,755957.48,6660.85588
1885,2,62,49,7,2,4009313.4800000004,34094.989140000005,12948069.8,141202.83435999998
261,15,61,49,4,3,701193.24,5747.66824,1150530.54,9579.32498
1856,5,48,46,5,3,1705823.28,14316.867700000003,4650735.18,39494.024939999996
103,8,32,20,3,1,31843.22,400.72842,69765.42,715.82656
1308,4,57,24,5,2,466058.38,4179.20846,1515256.1400000001,14096.97826
562,4,14,23,4,3,24438.48,264.91188,61635.54,742.0169600000002
425,1,20,20,3,1,37580.46,471.48602,306033.14,2514.49596
1736,15,11,23,4,1,1664893.18,14417.941579999999,2293404.7399999998,21071.8598
1813,2,3,40,3,3,72432.62,946.0423800000001,910947.4199999999,8377.27682
1740,9,30,40,7,2,5660660.52,58731.674260000014,6442247.96,67526.53948
1683,7,55,23,7,3,508492.4,4001.59572,897671.0,7767.71594
528,3,44,18,3,2,32879.579999999994,361.01554,87477.86,852.4933800000001
1497,9,4,38,5,2,1818738.02,14874.283059999998,1761174.7400000002,15035.97656
496,1,9,39,7,1,325891.46,3348.9554800000005,1487290.0,16643.11006
1912,1,37,33,4,3,191703.7,1780.67792,1482332.54,13612.455100000001
1680,8,37,22,4,1,2173188.92,19426.7892,4156676.28,42011.93026
67,8,21,19,5,2,13599.84,173.08332000000001,21779.72,362.45001999999994
1726,13,2,42,8,2,3950370.8200000003,32560.165399999998,2954701.88,26092.9343
553,10,61,51,8,2,6020071.24,67176.62492,6917279.7,84430.80814
243,11,13,30,8,3,100690.58,1131.28334,189823.84000000003,1376.12118
34,2,36,53,6,1,107393.54000000001,1128.20298,509630.1,4691.61634
1728,3,28,36,6,3,399990.36000000004,2938.85664,986746.76,7590.63774
1789,9,23,8,4,3,19893.760000000002,397.6639,85746.84,967.93714
1364,9,51,23,3,1,3032669.1599999997,27887.114120000002,5391766.040000001,54581.34910000001
127,14,62,62,6,1,4534105.839999999,51851.975959999996,6397185.720000001,81756.20552
1834,15,13,63,7,3,6486458.0600000005,57103.958539999985,7154597.139999999,70596.92934
374,13,19,54,5,1,3600248.3200000003,37664.71538,4531577.76,56477.05175999999
1312,12,28,24,4,2,837727.4,7289.682159999999,1309505.94,11267.80544
1524,15,25,18,3,2,327749.5,2713.0819999999994,675835.5599999999,5118.27298
1510,12,48,29,5,3,1502798.92,12605.155579999999,2066248.3,18191.136359999997
627,10,8,38,3,3,517552.3799999999,4765.862999999999,649911.66,5514.90114
1776,8,32,42,6,2,3774768.1,31934.816500000004,5167090.100000001,48587.66448
1578,14,12,28,5,1,2930818.8000000003,25756.834519999997,4083081.6000000006,42547.01894
1968,1,15,23,6,3,24990.18,522.18404,321875.36,2805.30154
1548,5,52,30,4,2,1263578.2600000002,10768.10878,3219029.92,28720.938179999997
757,6,56,32,4,3,249345.08000000002,1961.0312600000002,713955.7,5687.426020000001
717,13,21,16,3,2,79294.32,775.58638,149403.8,1089.2801000000002
1893,14,26,21,8,1,4215796.1,45167.48732,4515729.359999999,53332.27058
1348,6,38,42,3,3,886343.0599999999,7093.206659999999,2712418.5799999996,20911.81844
83,12,32,61,3,1,913023.82,9002.78034,1622053.92,17164.45058
36,1,60,51,4,2,18579.06,222.24853999999996,106180.2,1116.24434
955,4,27,27,3,1,969837.5799999998,9464.226200000001,2691388.42,25717.58596
128,11,42,44,8,3,423599.9,3849.969219999999,426141.5,4081.05276
282,13,38,45,6,1,3721114.8,41857.719880000004,4482443.279999999,54781.15224
1527,10,50,33,6,1,10813035.08,131846.4892,15312658.52,189551.07032
1688,8,56,27,6,1,5726073.04,54702.157660000004,8792547.059999999,92176.80978
673,3,20,8,3,1,16296.38,212.02560000000003,29179.639999999992,439.13671999999997
987,15,20,57,3,2,3145919.6799999997,26937.609660000006,4577034.199999999,43410.86196000001
794,4,11,40,6,2,250055.56,1994.41448,984133.2,8879.714919999999
508,9,33,28,7,2,792161.0599999999,7560.348359999999,760150.68,8311.79998
1722,5,8,9,7,2,14191.86,293.39618,27357.120000000003,452.88554000000005
437,11,19,50,7,1,5341394.959999999,63478.72677999998,6106292.98,78361.52335999999
1050,12,28,63,7,1,23087289.419999998,294122.07736000005,30870618.099999994,408059.2967
797,11,39,41,8,1,11357787.02,141328.41702,12370356.540000001,165598.23326
1523,10,10,43,5,3,2111504.6399999997,18393.36948,2674225.2800000003,21097.819499999998
1272,2,2,31,8,2,114881.31999999999,1133.83672,649870.2,5160.389840000001
1814,11,13,31,8,2,2220734.02,18718.882139999998,2306515.06,22150.65596
1108,3,1,15,3,2,9384.759999999998,227.77138,30640.8,340.5866
1315,14,1,19,4,1,537345.98,4784.7724800000005,459251.82,3924.77514
486,4,4,9,4,2,9365.22,102.98956000000001,13983.1,264.0815
1254,11,7,28,5,3,667517.7999999999,5740.587100000001,699468.4400000001,5847.69808
1502,2,54,34,3,1,3689526.7,35069.44574,10582162.8,115397.51273999999
2007,1,10,46,7,2,525392.98,5275.496120000001,2924007.3400000003,31574.38764
1740,1,53,60,7,2,3300859.4999999995,33486.72712,14232105.84,171068.75741999998
2034,3,3,36,7,2,376587.1,2880.5003199999996,382669.89999999997,2709.6151200000004
1014,14,16,57,3,1,5327121.34,47995.73102,8842763.04,94149.09563999998
963,11,11,57,6,1,7703647.24,87410.49586000001,10031265.739999998,119929.23808
1360,5,28,52,8,1,8974970.959999999,108620.58219999999,19223382.16,233830.41376
50,1,50,23,7,2,22592.719999999998,202.50372,48998.880000000005,831.5434600000001
1896,6,27,22,5,3,129608.94000000002,1319.06158,587013.88,4542.8181
139,1,58,9,3,3,2746.5800000000004,88.13564,24852.219999999994,298.66710000000006
676,8,2,20,3,2,49748.479999999996,398.26966,36476.92,495.97348
1826,7,45,39,5,1,8275443.9799999995,80964.20472000001,16241390.219999999,192175.0554
863,3,56,35,3,2,735551.1,6760.26172,1999313.8,18466.520360000002
433,13,43,32,3,1,1515324.58,14415.60534,2745074.7,29874.857880000003
2011,4,18,38,4,2,918222.8,7804.478540000001,2911239.96,25593.145119999994
1820,10,5,38,7,2,2798820.98,24684.431560000005,2158071.84,20041.71354
1290,6,35,24,6,2,519820.43999999994,4356.439340000001,968784.1399999999,8766.555
260,2,3,53,4,2,37581.68,384.55771999999996,128827.86000000002,1265.00632
842,3,60,51,3,3,804153.18,7177.016379999999,2349602.12,20431.294619999997
1623,15,44,45,3,1,11484843.56,112269.65296,20881194.14,233007.75776
795,5,49,31,7,2,690885.72,6164.551700000001,1508387.22,15381.18188
145,1,51,58,3,1,1183911.8199999998,11754.051039999998,3272982.2800000003,35291.174159999995
1433,1,33,61,7,3,1176795.06,11257.447920000002,5073022.959999999,53582.60970000001
1228,1,38,46,6,1,3771590.6,38161.702399999995,13794132.219999999,165419.12991999998
232,2,41,27,4,1,117488.7,1160.58816,758005.86,7100.34294
1396,5,38,59,5,2,3675690.06,31092.61922,8948620.86,82209.1422
1910,8,5,45,7,1,5674628.88,56291.10836,5487531.14,54059.48297999999
922,13,40,46,6,1,11311787.36,139272.92620000005,15627483.179999998,187567.3947
1279,7,20,36,7,3,558036.94,4011.03068,1329469.32,10707.88252
1040,12,29,55,8,3,4233449.8,41225.3057,4386093.640000001,48422.72576000001
1230,1,38,25,6,3,47444.979999999996,687.03234,476592.9600000001,4334.5996
1051,1,39,40,8,2,692602.0000000001,7315.0674,3155980.66,34608.9275
1166,7,7,31,5,3,92718.23999999999,1163.04918,389796.38,2826.9755400000004
880,7,22,27,8,3,282810.54,1968.44712,493282.48,3515.67718
1681,5,43,48,3,2,2529447.94,21853.225060000004,7896287.12,64074.651060000004
779,7,61,25,7,1,2880792.2199999997,28907.98936,3965555.0,42947.82452
845,4,55,39,7,2,1357118.1,12440.10974,3313734.2800000003,33558.658540000004
95,2,19,56,6,3,9925.519999999999,284.87199999999996,96896.78000000001,1157.4185999999997
690,5,31,39,5,1,1919731.3399999999,18468.881879999997,4360070.76,49693.89122
800,2,33,24,8,1,498299.36,5000.575599999999,1920514.0,21241.987799999995
129,9,18,36,7,3,110014.45999999999,1315.12714,153068.49999999997,1495.63266
1454,7,16,55,3,1,4241729.88,35546.908260000004,10576307.12,101764.02936
772,8,4,48,5,3,689950.64,5937.3379,791946.24,6181.705800000001
1496,4,55,50,6,3,1709658.7799999998,14201.51334,4761479.48,44918.764480000005
354,4,22,22,6,2,21835.859999999997,410.91133999999994,103171.15999999999,1155.09674
1041,1,53,27,8,1,1234059.44,12811.69008,5506561.760000001,61464.57628
310,14,17,48,5,3,495170.76000000007,3803.68946,646604.78,5072.268959999999
349,4,54,53,4,2,725726.8600000001,6683.512640000001,1970527.2400000002,19833.058240000002
372,3,23,52,5,2,192428.68,1509.38958,591788.02,4567.96638
1099,15,37,45,3,2,3306001.08,25841.5052,5140333.5600000005,43623.27368
1548,2,7,40,6,2,211449.66,1946.9052,1107126.02,9807.7147
1984,13,35,15,8,3,424941.54000000004,3596.67356,599623.7,4826.54096
1588,9,18,39,5,2,2930130.4400000004,25259.22982,4136029.4,42708.22455999999
1289,10,27,51,3,1,8133991.720000001,78925.0385,14331436.7,157787.22756
101,1,18,49,4,3,12706.24,220.27452,71894.38,930.3082600000001
259,6,30,9,5,2,9718.040000000003,129.84122,25373.44,369.67176
692,9,26,34,4,1,2495048.6,24781.820959999997,4054205.88,46007.63478
2043,6,60,21,7,3,486777.2199999999,4023.61632,944460.5200000001,7914.806920000001
1634,9,1,33,7,3,1266493.3,11053.2752,1189775.96,10288.354459999999
253,9,42,56,6,3,933726.8800000001,8706.531519999999,1157169.8599999999,11296.8259
300,13,22,27,6,3,113984.08,1160.71692,207999.97999999998,1458.53252
922,14,30,42,6,3,1934675.2,15549.3807,2419494.54,21151.78454
895,5,18,59,7,3,711376.1799999999,5179.247939999999,2201887.76,18167.2028
921,6,25,25,4,1,904764.5200000001,8876.605139999998,2158511.3600000003,20735.297019999998
184,9,51,14,6,1,127969.64000000001,1519.38048,170722.18,1947.9946400000001
1885,13,11,51,6,3,3784628.9199999995,33352.334839999996,4216220.9399999995,40499.25624
1756,4,5,40,6,3,228954.53999999998,1912.48436,1124584.5,9306.529379999998
1108,6,20,42,6,2,989863.2000000002,8469.282259999998,2284214.12,19764.45114
672,5,4,15,3,2,15411.320000000002,215.59654,30368.640000000003,403.89958
1693,12,51,19,8,2,1411792.02,13814.99,1573763.06,17027.751819999998
175,7,23,54,6,3,111365.7,1004.16898,339358.2,2358.3235400000003
1521,14,14,33,7,1,5300613.880000001,49003.066600000006,5968908.040000001,66124.55230000001
1452,12,57,46,7,1,29673605.619999997,361831.85426000005,36232008.06,501196.47073999996
151,8,4,60,7,1,771845.0599999999,7256.352220000001,730128.6,6634.16084
975,5,41,20,6,3,70596.78,830.27706,259404.84,1975.49458
167,11,9,58,3,2,274194.88,2204.95614,489420.16,3901.8826200000003
422,1,11,20,5,3,8817.14,136.89427999999998,47513.34,606.35848
1122,14,33,48,8,1,22115962.8,272607.67558000004,24217970.22,331888.58992000006
1885,8,33,45,5,1,11211067.36,119323.45322,18106727.339999996,214127.37997999997
1158,11,19,47,4,3,2013737.44,15471.378399999998,2626917.18,20811.755680000002
485,3,17,21,5,3,12988.22,228.81402000000003,31035.0,424.97545999999994
537,6,50,61,4,2,1726666.78,15193.714360000002,4005105.72,41276.360660000006
696,15,41,20,5,2,375887.72,3098.61328,538294.46,4633.98242
1927,3,25,59,3,3,1435729.9599999997,11308.903339999999,3761368.54,28846.124219999998
1211,3,16,37,8,2,370959.68,2815.7026400000004,715138.5599999999,5580.29804
421,1,32,19,5,1,45482.06,609.1284400000001,459674.1,3704.6030400000004
1954,12,34,45,7,2,10571834.52,103964.51984000001,10692366.359999998,120833.95984
897,15,18,28,5,2,751936.5,6622.49608,1453701.2,14713.364319999999
1194,12,34,44,3,2,3063353.88,25161.1793,4659242.199999999,41333.551320000006
249,15,29,9,4,3,11278.039999999999,166.61998,15428.420000000002,333.95500000000004
477,11,30,61,7,3,2312907.9,22490.56908,2298530.5,25409.389400000004
614,3,24,21,3,3,18162.799999999996,234.05994,30482.079999999998,435.04760000000005
721,9,39,32,3,1,2361457.56,23650.753299999997,3964374.5200000005,45194.095160000004
1394,8,4,20,3,3,44478.68000000001,729.6813599999999,131180.08000000002,874.29768
1378,12,41,20,3,1,1890168.56,17264.762580000002,3437421.54,33716.31418
34,10,6,49,7,2,47333.96,738.21932,53785.18000000001,671.6708
235,14,5,17,3,1,33675.46,497.8217000000001,44107.56,548.1874
1116,4,16,45,4,3,233563.87999999998,1979.0866,1148346.68,9316.4633
220,13,53,14,5,2,37528.0,569.98962,73114.94,818.63212
604,11,28,50,7,1,8841577.739999998,110331.79591999999,10632110.18,133963.09648
1648,10,25,19,4,3,466323.22000000003,4285.540279999999,786692.42,6108.00308
260,2,7,59,5,2,59086.780000000006,765.2357799999999,314717.2,2623.7084800000002
446,14,22,48,7,3,1240057.76,10070.7779,1328454.9999999998,10722.52152
542,11,51,39,4,2,1513229.7999999998,13891.107820000001,2247872.62,21823.676460000002
1009,11,58,50,6,1,19801832.880000003,245433.39448000002,28541960.639999997,371530.0955599999
1027,3,60,36,8,2,1477914.8800000001,13549.453599999999,2660910.12,26338.2351
319,6,39,16,8,1,119887.38,1405.79018,205166.66,2157.81758
191,6,5,57,3,1,193478.44,1580.78596,536981.0399999999,4273.0149
2026,1,11,32,4,2,136097.16,1417.60386,1284513.3,11670.585819999998
774,8,46,15,7,3,41203.520000000004,653.49106,114840.98000000001,971.5422000000001
900,7,19,21,7,2,213743.37999999998,1661.6468799999998,318857.81999999995,2590.47952
1752,9,3,35,4,2,1559568.8200000003,12931.12864,1595226.66,13305.216940000002
1761,1,53,53,4,3,1401716.34,13208.976179999998,5382610.680000001,51256.53228
382,1,60,34,5,2,118003.8,1145.96918,845556.9199999999,7575.4791
139,12,4,15,8,2,23682.78,277.58056,20024.38,312.58624000000003
1270,11,61,14,4,3,190455.91999999998,1775.7669400000002,362241.52,2883.76868
1493,13,33,25,6,3,1169956.6800000002,10374.95828,1301606.7999999998,11134.064480000001
673,12,51,17,5,1,857442.8800000001,8090.822140000001,1231647.26,13243.024279999998
1778,1,17,13,5,3,4687.4800000000005,197.59986,62094.54,775.66704
1938,14,61,15,6,1,2835169.8,27050.184419999998,3480301.2400000007,38169.397959999995
663,4,58,54,6,2,2016714.8800000001,19139.81192,5039108.2,56656.22036
552,15,41,55,8,2,5239763.2,60311.25592,6119463.04,71562.17326000001
1944,4,7,9,3,3,9751.0,206.61670000000004,38338.52,414.89940000000007
1544,12,3,51,8,1,11500610.2,138269.35948000004,9127416.8,102015.61002
1660,14,34,11,6,2,180961.53999999998,1671.4423800000004,290129.89999999997,2436.4353
1478,1,1,14,5,2,8026.12,200.59521999999998,52558.44,630.26926
1997,15,59,18,8,2,1884773.02,17484.824019999996,2146155.48,22569.14416
45,12,16,37,5,2,32962.520000000004,431.95228,56732.079999999994,612.89196
1356,12,25,50,7,3,4557689.720000001,41698.44812,5257674.54,45627.351819999996
336,2,46,56,3,2,623018.3,6111.014520000001,1777517.52,18731.231519999998
1435,11,17,9,6,3,24317.58,576.5671,107189.7,817.12194
1055,8,62,55,8,1,22065573.46,274947.14952,32633894.679999996,416347.42704
1427,12,29,45,6,1,12689427.959999999,150446.90204,18402843.520000003,217663.19032
703,7,53,27,5,3,224109.55999999997,1694.7740000000001,526708.8200000001,3904.5858999999996
783,14,42,17,4,1,738467.32,6569.3541,1179434.2399999998,11690.43474
379,7,11,63,3,3,143726.46000000002,1296.46966,850677.6599999999,6535.81818
1943,13,10,50,8,2,7923904.32,65411.656180000005,8079124.800000002,76751.14472000001
241,15,41,59,8,1,8853587.059999999,112256.52592,10030583.36,136881.93414
1844,2,26,28,4,2,347359.96,3433.7534799999994,1703229.2600000002,15786.27066
1121,6,32,28,3,2,261520.26000000007,2151.585,1030588.1599999999,8123.953579999999
996,15,39,58,5,3,3716533.46,34585.7354,4892690.08,47545.822960000005
1356,12,13,17,4,1,487442.57999999996,4158.4641599999995,812080.5199999999,7144.850660000001
1511,15,43,17,3,3,252638.5,2186.9573000000005,434619.25999999995,3421.5094
1410,8,1,59,8,3,2599702.8600000003,19583.82968,2465307.3600000003,18271.902019999998
865,9,6,11,4,1,48008.840000000004,854.93408,102944.09999999999,816.70868
1359,3,50,15,7,1,364149.44,3054.1467400000006,758181.7,6809.717640000001
763,5,51,50,4,2,1675286.2,14946.45868,4281954.36,40219.472720000005
525,3,57,32,3,1,1475405.1399999997,14058.09596,3472841.4599999995,37965.72608000001
1854,9,45,63,8,3,11627782.6,138452.27136,14513985.060000002,170450.4091
1198,7,47,16,4,3,86729.5,1006.0829,241580.2,1979.6795199999997
1275,11,32,28,3,1,2701101.46,24091.098559999995,4948913.1,48564.855
231,1,61,49,5,1,1395249.24,14323.706219999998,4748967.26,54300.62172000001
943,7,10,10,5,3,7897.9,248.50232,48537.46,727.8385000000001
1178,9,41,42,7,2,5588085.0,57291.02563999999,6439458.62,71165.98078
359,5,53,46,6,2,822138.9799999999,7882.859719999999,1802911.6599999997,18401.970999999998
1528,5,8,53,4,1,2771189.1399999997,28182.50152,6725416.140000001,54938.08243999999
515,10,7,35,4,2,474383.4,4086.816,533105.3200000001,4494.626979999999
406,1,9,18,3,2,5819.06,148.78042,43714.46000000001,512.58478
1691,14,37,11,6,2,192482.38,1638.89118,277526.13999999996,2121.6625
1996,3,29,38,8,3,683062.24,4985.481679999999,1462864.92,10991.98754
1073,9,17,53,5,1,8061261.2,91773.81866,12068184.38,143731.82908
825,11,54,21,7,3,462293.8,3928.9236999999994,539729.9800000001,4701.387720000001
722,14,26,8,3,1,31574.68,649.35094,154739.59999999998,1051.2382400000001
773,8,7,18,6,1,216099.3,1828.5677799999999,163055.03999999998,1445.37664
1815,14,33,24,8,3,1503559.42,12985.73904,1642577.62,14659.212899999999
1824,8,9,42,6,2,2317707.7,18139.62668,2733281.62,23040.37096
425,5,48,24,3,1,642547.22,6299.33838,1552293.2799999998,15045.40698
310,5,5,29,6,1,117749.92,1331.02758,196064.06,1744.07882
904,3,31,33,7,3,127839.12,1165.50492,358723.36000000004,2543.35778
1886,7,47,39,5,1,8787753.3,84378.27826,17464530.520000003,202514.1377
1625,10,24,40,5,3,2190480.22,17534.00742,2910821.42,22592.01954
1986,5,29,63,8,2,6968901.720000001,61706.240260000006,14361815.059999999,146481.85256000003
388,4,46,58,7,2,1254567.1,11909.065079999998,2998482.38,31691.91466
1438,8,12,10,6,1,36520.92,700.6843600000002,145266.96000000002,991.5417199999998
1066,9,27,23,5,3,479227.4199999999,4575.345739999999,668971.6199999999,6054.2559
803,10,12,40,6,1,3450558.7800000003,35227.980059999994,4023535.78,47359.695219999994
454,4,59,26,6,1,1007287.4199999999,10354.25778,2369719.34,25725.0961
1481,11,5,27,6,1,2131491.18,21417.553999999996,1620397.44,16666.927320000003
656,5,10,36,4,1,601247.28,5442.09458,1473776.74,13897.04278
248,13,7,35,3,1,258833.66,2129.5643600000003,374742.56000000006,2914.54052
708,2,10,44,3,2,68547.18000000002,843.73248,802338.04,6999.822240000001
1245,7,18,56,8,2,3958662.9200000004,37381.49266,5856469.44,53605.73068
1184,6,21,59,7,3,1339667.02,9310.20926,3262181.54,26614.6276
1974,2,7,35,5,2,185532.82,1697.7861599999997,1101882.0799999998,9475.469459999998
333,10,2,29,3,2,90058.37999999998,809.49316,107955.04,849.06274
94,11,28,43,3,2,78710.74,986.92154,219296.28000000003,1628.10912
1645,6,28,25,5,2,431786.04000000004,3325.6250199999995,1246034.4200000004,10223.585759999998
1557,14,13,11,7,1,242234.33999999994,1946.5894,283306.30000000005,2333.23488
37,4,2,19,4,3,8646.22,80.8726,12458.5,205.51556000000005
1021,11,31,50,7,2,5779331.0200000005,57671.60747999999,6248769.339999999,65484.23122
1706,11,22,28,5,1,3985008.12,36772.49828000001,5503097.479999999,59113.014500000005
642,3,61,17,4,2,32742.9,591.47514,197821.82,1413.11734
1370,12,17,20,5,3,353928.54,2907.40296,487496.2,3896.4767
582,11,34,27,5,2,622503.3400000001,5214.607760000001,819213.0000000001,7400.065119999999
111,7,6,53,4,1,157214.02,1395.9919,284247.26,2155.36964
188,4,20,31,3,2,16024.12,273.10945999999996,71198.57999999999,818.88058
1211,3,24,15,3,1,124413.68000000001,1180.71952,485293.0399999999,4067.1490600000006
1221,1,50,25,3,1,1645858.8599999999,14967.907880000002,5053625.88,47445.51488000001
557,6,61,25,6,1,1378824.5,13718.946100000001,2645420.5,28861.494020000002
1118,2,28,20,4,2,31641.82,601.6959600000001,409152.98000000004,3233.1033200000006
1957,14,29,37,4,2,3714879.3800000004,29317.422099999996,5562792.32,47319.47008
942,9,24,41,6,1,6059551.180000001,60954.13578,8223396.92,89797.1367
1095,3,11,18,4,3,9373.76,265.05589999999995,53437.36,504.39687999999995
854,11,30,23,5,3,306925.48,2614.7511000000004,479887.68,3776.84412
1518,6,27,29,4,1,2171804.76,18760.146619999996,5789271.08,58618.17716
1883,5,43,44,6,1,10083250.58,104133.59764,22317638.12,269579.82318
136,3,58,50,4,2,115191.3,1085.26494,528504.58,4377.151220000001
1637,6,43,34,3,2,1385146.6,11441.18802,3597283.3,31387.46942
146,10,36,57,6,2,870536.0599999999,8200.88256,1033535.0,10441.166500000001
1445,4,32,15,3,2,39005.020000000004,660.9816200000001,305886.72000000003,2361.9942400000004
1267,2,8,54,6,1,1877856.6,17503.26422,5604583.999999999,58647.203120000006
1536,1,16,60,6,2,1075145.0,10618.19142,5019211.899999999,52625.355299999996
101,7,16,63,7,1,614928.74,5220.61574,1095337.8199999998,11206.397260000002
1049,4,21,25,4,3,39623.94,578.5284800000001,268583.31999999995,2042.33874
894,5,56,18,4,3,52945.46,522.3641799999999,158388.28,1278.3949200000002
568,6,46,55,7,3,1060742.02,8994.782640000001,2084029.0,19770.480099999997
2021,4,46,16,7,1,1002922.2,9919.96328,2271157.5599999996,24148.25746
668,6,62,38,8,1,5217837.0200000005,59492.5162,9088275.020000001,113689.1122
993,4,38,36,5,2,853658.7,8158.67994,2176538.6000000006,20892.33386
1115,11,63,18,8,3,581025.28,5357.44316,642000.22,5875.347919999999
1051,1,27,46,5,2,682688.64,7343.199359999999,2827373.16,29338.642839999997
445,4,48,43,7,2,635690.5,5775.132739999999,1715211.6199999999,17684.757660000003
559,1,63,46,3,3,218844.75999999995,2273.43526,1388263.0,13008.49048
1678,7,28,26,8,3,584718.96,5023.84232,1026989.6400000002,8828.8823
1632,6,31,12,4,3,10129.34,332.86929999999995,98771.80000000002,809.2196799999999
1407,10,39,49,3,2,4554169.32,36985.84288,7192383.959999999,66045.88434
875,14,20,39,7,2,2441231.64,21705.8006,2380857.98,23720.048639999997
878,8,62,51,4,2,2987604.72,27008.711960000004,5467677.68,56010.999599999996
1401,8,55,19,5,1,1804511.98,16422.34798,3220230.9599999995,32630.175120000007
574,2,53,16,4,3,11516.08,251.29807999999997,63461.7,803.2430399999998
1393,9,3,41,4,3,1494922.92,12239.019519999998,1606231.2799999998,12951.013
1639,14,49,39,6,3,4149454.66,35133.613419999994,5140182.16,47139.5935
187,9,1,48,8,2,412513.6599999999,3744.03338,321387.0,2790.54024
469,2,54,25,3,3,37738.0,651.9368400000001,172052.82,1336.6225200000001
47,8,37,44,6,2,81979.78,890.1976999999999,123133.28,1131.5641199999998
787,13,56,37,7,3,2040356.14,19055.71206,2831751.82,33073.45507999999
1417,7,6,22,6,1,517631.68,4422.0156,598204.06,5354.9787400000005
63,5,43,49,4,1,270693.98,2064.44496,769499.9200000002,6942.16802
263,2,47,42,6,1,1019422.5,10457.753939999999,3128262.2,35506.158859999996
1678,10,45,43,6,2,7053855.220000001,65739.59427999999,8501771.52,94248.77621999999
173,13,40,49,4,3,312270.94,2439.73972,483513.24000000005,3817.3536999999997
1707,9,57,28,8,1,13585259.48,158190.03583999997,15058291.5,204444.57977999997
619,8,40,51,7,3,1392673.3800000001,12228.512019999998,1565450.1600000001,14216.960939999999
862,2,38,12,4,2,9819.320000000002,287.5165,71546.4,836.9769400000001
418,11,38,54,8,3,2055746.6600000001,20141.19004,1950491.8400000003,21103.65522
967,4,39,49,7,3,949025.9800000001,8571.68258,2549768.8199999994,24125.626300000004
1198,2,39,41,6,1,3363592.4400000004,34134.187240000014,10577692.7,126180.3133
39,14,10,43,5,1,108128.4,1225.10656,176610.82,1700.16976
1089,15,45,41,4,2,3329012.48,27364.51928,4903977.96,44258.305199999995
1554,4,13,25,4,2,73163.86,1067.5790599999998,574290.5199999999,4285.414580000001
162,13,55,54,3,1,2035905.4600000002,19583.3516,3709168.94,42233.42756
1169,6,1,10,8,2,16768.760000000002,234.47462000000002,15955.76,365.80701999999997
1834,4,39,40,4,3,954809.6,8131.84078,2951114.18,24902.5417
1979,12,36,20,7,2,1647482.26,15899.18674,1564609.1400000001,16112.404040000003
1435,10,32,40,8,3,3173135.2199999997,32347.146240000002,3439040.3,34358.76418
1992,5,55,14,3,3,35120.72,739.4515600000001,262719.12,1820.89382
232,7,48,38,8,2,516253.4800000001,4444.998119999999,694925.0799999998,6820.4767600000005
1439,4,55,21,4,2,249819.9,2182.86462,996131.4399999998,8717.161419999999
1783,14,14,35,6,2,2540462.34,18930.23866,2972643.7199999997,24307.37966
518,14,49,8,6,2,28476.480000000003,460.08114000000006,66638.04000000001,816.3418399999999
50,14,10,44,3,1,78251.74,870.2433199999999,171264.24,1370.87522
1724,13,13,21,7,2,851842.3200000001,7295.9241999999995,972382.72,8590.56788
981,6,42,20,5,2,190349.82,1539.2866999999999,471451.4,4041.0806
259,9,43,29,3,2,193806.91999999998,1477.4702999999997,349454.66000000003,2937.05948
1072,4,27,59,6,2,2027983.08,17708.79394,5549316.86,53780.90904
967,7,50,48,3,3,1070555.1,8565.39948,2922797.8199999994,23800.48686
1278,9,3,38,8,2,2141273.84,20643.7263,1551498.7,15188.15394
1900,12,27,10,8,2,148007.41999999998,1468.0152000000003,223335.63999999998,1852.05004
1536,12,38,29,6,3,1546872.3199999998,13002.137600000002,2116392.2399999998,20672.23756
1395,10,53,39,4,2,3792781.9799999995,32557.19044,5670693.48,55091.66069999999
1973,14,41,62,4,2,11354965.94,112459.30571999999,16629076.16,190201.83882
522,1,6,26,6,3,10273.4,181.70399999999995,41646.53999999999,653.0932799999999
801,11,58,45,4,3,1947359.5399999998,17690.76582,3151367.6000000006,29331.027860000002
783,15,12,45,4,1,3243346.14,27653.52292,4670627.760000001,44884.13223999999
1575,11,36,50,3,1,11987566.92,120878.70838,20244198.680000003,228463.47056
878,14,41,19,8,2,604327.0,5390.44896,712678.8799999999,6903.5461
891,6,42,23,7,2,404819.51999999996,3436.1228800000004,727782.56,6948.86542
462,7,39,31,7,1,1851836.0,19164.41786,2411121.7399999998,27875.10208
163,15,15,20,8,2,43449.56,671.63736,75727.44,788.11338
948,3,27,8,7,3,9389.599999999999,117.33796,20706.719999999998,307.2218
1259,14,32,14,8,2,354588.88,3064.0019,408036.07999999996,3496.23194
116,5,5,16,8,3,13961.2,91.36048000000001,14722.859999999997,236.80205999999998
438,3,39,40,6,1,1580340.08,15308.021780000001,3427278.8600000003,41299.603480000005
1168,4,28,51,6,1,5310170.74,53605.37402,12974466.36,154406.71683999998
801,3,36,34,3,3,73350.62000000001,895.15084,382485.52,2810.3843599999996
732,1,53,56,8,3,687645.9600000001,7460.20104,3261434.5199999996,35691.8482
1514,8,55,43,3,1,8548060.440000001,84132.79557999999,18280066.72,199495.38584
343,14,9,20,7,2,78971.84,950.27782,137981.87999999998,1150.9550199999999
330,15,22,45,5,1,2179558.6799999997,21406.189379999996,3483937.62,42610.617379999996
1239,10,34,37,5,1,7388317.32,87566.90924,10961533.2,129940.01516
505,6,9,60,3,2,308505.12,2316.9532,1331681.24,10355.685279999998
1752,6,13,38,3,1,2415211.12,19095.492019999998,5784086.8,50129.75004
1216,4,24,9,6,3,5167.24,177.70764000000003,43736.42,490.02634
72,9,4,48,8,1,483852.43999999994,5291.448560000001,354043.33999999997,3689.78266
875,4,62,36,5,2,1033042.9800000001,9974.113520000003,2794727.9,27315.18208
366,13,46,14,5,3,36878.56,636.10168,79963.16,801.47322
1575,13,4,38,4,2,1868211.8400000003,14169.423080000002,2063584.7399999998,15580.50384
412,2,34,62,6,2,886128.0599999999,8793.792379999999,2836861.7399999998,29396.26278
716,14,41,44,5,3,1759483.9799999997,13957.59174,2438299.38,21246.18066
487,12,9,36,5,1,1266337.04,12117.50422,1563808.28,17022.078400000002
1326,8,18,63,5,1,10018623.1,96878.8977,16359496.620000001,187538.96951999998
72,11,53,11,5,2,15849.560000000001,229.91212000000002,25891.059999999998,396.88033999999993
1645,5,37,60,6,2,5160111.3,44357.332279999995,11725214.059999999,108671.50795999999
624,7,56,31,4,1,2003965.8199999998,18430.89056,3977893.8800000004,43466.711579999996
1717,14,20,38,6,3,2487929.38,18159.626039999996,2925591.86,22215.46086
1823,7,61,19,4,2,444967.0800000001,3594.9127999999996,1350301.7999999998,11471.84896
1829,6,60,27,3,3,618249.12,5593.68258,2063699.5600000005,17459.957140000002
1599,2,58,43,5,2,2211821.7,20076.854199999998,7637636.7,75023.47741999998
240,5,29,32,6,2,80992.23999999999,912.733,260548.66,2117.4471399999993
1540,2,11,43,4,3,138564.22000000003,1414.4685200000001,1261816.7399999998,11227.26744
1311,10,38,58,8,1,36811862.519999996,455111.03666000004,41922564.74,608708.07966
1665,2,4,45,7,3,179251.26000000004,1620.0638800000002,1095832.1400000001,9741.92568
620,4,35,43,5,1,2382651.34,24552.2719,5704119.92,66453.99968
826,5,30,11,6,3,9996.3,184.37216,32228.860000000004,539.3321
1185,1,59,26,8,1,1506104.58,15422.812719999998,6473049.92,72702.56288000001
1227,14,32,55,7,2,8203468.959999999,89055.40066,9185375.620000001,103454.27669999999
1932,8,20,63,6,1,16335326.9,175256.51731999998,26213455.880000003,316586.54246
708,15,24,27,6,3,432789.4,3348.0987999999998,626697.6,5086.30092
979,13,33,43,7,1,13054401.34,162148.97956000004,14693889.420000002,190956.66696
903,14,32,62,7,3,4742355.9799999995,46413.018820000005,5182090.040000001,55148.34501999999
1594,3,6,16,5,2,22192.299999999996,343.83176000000003,46349.94,508.2464799999999
1768,8,51,59,4,3,4944285.4799999995,36879.42176,8034587.540000001,64948.20032
550,15,17,8,4,1,19329.84,421.7651600000001,54968.13999999999,646.09514
1991,2,50,60,3,2,4097755.6800000006,38377.799199999994,12739868.440000001,133831.46038
652,1,44,14,3,3,15410.14,176.10542000000004,40467.380000000005,614.49804
934,2,38,53,6,2,1371810.2800000003,13543.425759999998,4403809.58,46998.20261999999
1485,4,33,12,6,1,196491.1,1806.96306,494655.77999999997,4893.29256
1981,10,5,8,8,2,23840.22,496.8786999999999,51135.14,476.95293999999996
1565,3,45,25,3,2,618558.0200000001,5903.34292,1525807.86,14096.296180000001
1344,4,49,23,4,2,281133.18000000005,2410.18714,1059959.54,9333.436339999998
826,6,3,10,5,2,17171.54,171.65758,27376.660000000003,311.1988
718,11,19,61,6,1,8980252.96,107306.34383999999,12745903.6,153876.96126
1449,14,55,30,6,2,3837884.4799999995,34396.856120000004,4516273.88,45938.678380000005
238,15,62,52,6,2,1986296.1599999997,19181.40058,2499717.7199999997,28028.181580000004
1858,12,9,37,3,2,2334249.36,19306.89762,3037199.3400000003,24843.33906
1171,13,61,9,5,1,303539.32,2913.55716,447927.38,4453.63876
1530,3,12,9,6,3,15572.48,299.72344,40029.2,451.51057999999995
1449,14,11,31,5,2,1471498.84,11214.895840000001,1849239.7200000002,14028.580100000001
1929,14,4,27,4,3,990495.5199999999,8203.99692,1091718.4,8493.657000000001
1436,13,29,48,4,1,10192844.98,100519.88842,16382555.780000001,187408.79786
1833,13,16,52,6,2,5778437.32,50894.76823999999,6793754.58,70372.66062000001
847,14,43,24,5,2,732600.6599999999,6351.341979999999,1025746.8400000001,9363.330279999998
1890,1,6,21,7,3,19866.88,322.95004,145817.58,1323.1711400000002
1618,13,48,50,7,2,12000770.08,117110.58059999999,13116876.900000002,148844.42382
879,2,2,57,7,3,128374.92,1288.47832,904874.3799999999,8340.936339999998
1243,1,33,24,7,1,823635.56,8843.691499999999,3282147.34,36080.47634000001
1094,14,31,63,4,1,13017728.02,143901.73038000002,22696990.24,267533.50352
278,1,11,37,7,1,109417.42,973.9925,722947.3799999999,7161.35496
1063,3,16,42,4,2,308436.62,2428.6951799999997,930842.3800000001,7504.06882
1811,8,4,49,3,2,1919970.7,15382.171579999998,2363321.5199999996,18292.460619999998
1473,7,59,61,6,2,8055937.619999999,77388.04823999999,14660924.34,157751.87192
414,14,55,10,7,3,32904.0,524.2174200000001,100081.51999999999,978.1408200000002
1163,11,56,9,8,2,45790.88,770.4838400000001,270752.42000000004,2402.44222
283,3,47,51,5,2,389568.1,3088.67712,1097450.76,9455.133319999999
1350,11,46,49,4,3,3737621.1,30201.60528,5399615.16,48477.71452
647,1,41,32,3,1,1193683.48,11895.416719999997,3293360.62,35985.32894
1191,14,26,9,5,1,131788.02,1446.4181199999998,238787.13999999998,2089.88082
653,12,56,42,6,3,1743909.1,15634.708380000002,2070028.8400000003,20373.36688
789,8,18,37,7,3,706104.22,6156.85672,788266.8600000001,6675.278359999999
497,15,30,19,8,2,259492.66,2070.1477999999997,289602.6,2585.08888
705,10,56,36,3,3,804348.56,7024.104280000001,1335921.86,11593.72826
798,11,55,30,3,1,2974428.4200000004,28135.64914,5142981.24,58548.89766
705,2,37,39,7,1,1881064.6199999999,19824.52594,5949002.08,71137.64944
1710,9,21,34,8,1,8998090.94,104786.56531999998,10480946.08,130519.26243999999
137,6,58,18,4,1,64042.920000000006,802.9033000000001,208676.13999999998,1660.1870599999997
586,1,16,47,5,2,104411.36,1125.68488,955844.7200000001,8682.52552
53,15,6,20,7,2,20383.239999999998,230.71761999999998,20102.46,312.60414000000003
1264,6,14,31,6,2,336871.64,2594.2030999999997,945692.1599999999,7655.1575600000015
1807,12,56,35,3,1,8692615.639999999,84766.39984,16688249.5,185589.79962
1896,12,14,25,3,3,835442.22,7032.594840000001,1200468.1600000001,8866.43816
1146,3,39,52,3,3,934046.6600000001,7402.368659999998,2410507.7600000002,18488.574719999997
875,11,28,49,8,2,5190277.22,54233.970140000005,5730587.0600000005,62402.860660000006
399,10,11,15,8,3,24741.159999999996,427.2139799999999,44048.94,587.6041
912,14,61,62,3,2,5592634.659999999,52532.177319999995,9785431.5,106701.57665999999
1693,12,23,59,6,2,7864827.339999999,78728.17302,10239168.08,110543.99033999999
305,6,12,31,7,3,73620.42,987.6574800000001,142962.2,1200.1829
898,5,47,63,3,1,7526986.32,77939.77298000001,21364402.119999997,224519.2881
827,1,25,57,6,2,883416.9400000001,8793.03586,3735809.6,37844.36057999999
1082,6,56,51,3,3,1335138.0799999998,10692.695979999999,3922039.599999999,32282.737200000003
1052,12,54,42,3,1,7563410.9,72053.89426000002,13387592.760000002,151381.24604000003
629,3,39,32,7,1,1496367.02,14253.04724,2688237.74,27664.846260000002
1478,10,60,46,8,3,6600294.399999999,70359.16646000001,7585958.4,83477.79762
1378,9,4,40,3,2,1457866.1199999996,12309.607839999999,1681644.8199999998,14337.755799999999
1530,7,61,35,3,1,5712114.32,53449.22984,13731368.580000002,148735.2623
163,14,47,50,5,2,715516.96,5754.0846,998620.54,9125.68854
618,15,31,50,7,1,9190756.500000002,114290.85647999999,11460087.9,141866.72222000003
671,11,38,11,6,3,46940.77999999999,607.64124,81902.9,848.1144200000001
207,4,7,29,3,3,15212.4,181.21922,41530.719999999994,591.88012
380,1,49,16,8,2,15523.659999999998,248.06229999999996,109842.23999999999,1362.84088
290,10,62,54,6,3,1279827.0799999998,12326.163779999999,1693333.1,17434.9146
1985,3,8,18,5,3,16304.88,410.1406,69524.93999999999,535.21268
1769,12,50,59,6,1,40210530.660000004,498166.81984,64827197.27999999,863610.3800799999
1595,1,46,47,8,3,880100.3,9178.259080000002,4322149.5200000005,46582.55788
2042,11,52,44,8,2,13906312.100000003,158359.07936000003,15900174.080000002,188315.96364
792,1,41,19,7,1,175872.44,1633.79034,1245504.5799999996,12198.465619999999
47,6,49,39,7,3,22318.120000000003,440.08230000000003,75607.7,860.6468600000001
815,9,17,26,7,2,812573.58,7953.148940000001,789310.7399999999,8173.1741999999995
503,9,23,11,8,2,20363.760000000002,402.89279999999997,63140.6,719.17298
579,15,25,44,6,2,1915037.86,17088.1144,2320822.88,22326.756719999998
1535,8,8,52,4,2,2106348.38,16052.982039999999,2793243.48,20999.888580000003
1641,10,17,32,3,3,1132986.54,9770.83982,1469057.54,11960.343400000002
639,12,28,25,5,2,438308.29999999993,3677.2308199999998,646182.48,5754.0137
674,14,50,29,8,1,5612821.399999999,66038.26756000001,6044156.92,78214.74575999999
903,13,55,54,4,1,12397709.940000001,138428.27380000002,21855298.1,260972.06769999996
350,3,30,9,6,3,13277.560000000001,116.01378,14678.939999999997,307.25642
1402,13,6,31,7,1,3428422.5799999996,34331.51032,2530458.62,25641.532659999997
775,5,49,44,7,3,736859.66,6135.016320000001,1827965.2599999998,17337.10528
1154,8,61,42,8,3,2951481.72,24758.065779999997,3616855.8600000003,36486.488560000005
1064,14,31,40,7,3,2395912.9600000004,19961.10528,2612822.96,23634.40468
985,13,40,18,5,2,412871.33999999997,3696.29992,520992.3,4653.29084
162,6,47,54,6,2,395803.48000000004,3330.8579,927084.9400000001,8437.21568
757,13,61,20,6,3,351053.7200000001,2832.04214,446064.5,3674.7118200000014
229,10,5,15,7,2,30053.6,384.98145999999997,26052.24,399.69111999999996
1257,8,30,22,5,1,1347307.4000000001,12874.287479999999,2400843.52,24310.423039999998
1648,8,49,9,7,1,134892.27999999997,1334.28302,206874.48,1770.49846
262,10,55,52,4,1,3667290.5200000005,38515.0615,6113927.180000001,71427.12681999999
369,1,58,43,4,3,56966.46,767.53786,692990.1399999999,5973.898180000001
1455,11,12,20,4,3,310002.92,3079.64244,554469.96,4451.429160000001
708,11,44,12,3,1,224904.16,1889.5079799999999,407737.0,3555.0924400000004
946,8,24,12,3,3,17648.86,288.34026000000006,41459.86,470.02416000000005
1833,3,2,60,5,2,984156.3800000001,7273.49586,1209939.56,8480.291799999999
289,7,60,40,3,3,103890.12000000001,905.7194999999999,517300.9600000001,3687.2672600000005
601,6,51,13,6,3,17408.420000000002,329.52056,61188.82000000001,706.6198199999999
144,8,30,31,8,3,46482.92,664.51626,94857.0,843.04218
728,2,43,31,7,2,248312.36000000002,2205.2576799999997,1197106.3199999998,11817.99206
1028,5,43,14,3,3,18027.32,322.74098,84059.87999999999,768.518
837,2,9,14,3,2,17476.780000000002,177.92842,32441.319999999996,552.6740000000001
1624,10,40,14,3,2,211123.72000000003,2009.95392,450394.38,3635.8280399999994
1685,10,15,12,7,2,106851.62,1087.6068799999998,196060.19999999998,1427.0058
1335,3,27,52,6,1,5852002.9,54807.09673999999,11515052.340000002,128190.93476000002
1609,15,37,32,3,2,2351523.48,19597.10508,3887415.599999999,30918.04608
552,15,46,56,8,2,5728493.640000001,64273.238379999995,6626428.300000001,77110.62246000001
705,3,36,62,4,1,4884563.9,46911.175800000005,11308229.219999999,121210.98409999997
1256,4,46,37,3,1,3721447.9200000004,34093.382079999996,9875771.84,102291.02514
1304,5,20,63,5,1,7159730.279999999,67087.01551999999,16596814.160000002,191891.94953999997
905,11,35,21,6,2,615027.76,5343.70076,714130.22,6508.35696
1194,13,41,35,6,2,3408836.46,31570.00234,4212168.22,47137.3852
1367,5,33,35,8,1,5602292.86,61076.50374,10135327.979999999,109836.68092
1467,10,63,61,3,1,22334293.520000003,243094.61688000002,43549214.54,526877.5419
