batch_size,in_size,out_size,for_energy,for_time,back_energy,back_time
34,31,319,18187.829999999998,1007.7882200000004,38538.119999999995,1726.6297200000001
1176,429,67,18734.1,540.9394800000001,37546.229999999996,1145.1474400000002
172,459,240,17014.12,289.88967999999994,35060.340000000004,903.6522000000001
654,22,356,9792.41,287.85072,24809.559999999998,831.6509599999999
1538,270,302,27863.129999999997,944.3220399999998,76162.54,2234.0013200000003
919,92,187,10661.609999999999,329.41008,30397.890000000003,957.7398799999999
430,368,13,4380.47,195.38987999999998,17847.269999999997,636.1331400000001
1226,108,82,10936.84,346.96919999999994,24226.059999999994,781.4168000000001
38,140,144,3714.59,79.72506000000001,17131.91,454.21302000000003
1724,33,125,9069.779999999999,295.83658,24957.18,953.10906
1057,237,221,16823.71,594.7837200000001,76881.48,2337.59474
1640,128,321,18187.85,604.5064800000001,51716.15,1547.0636399999999
1057,130,448,17744.07,520.60472,44802.1,1415.7137199999997
45,220,221,7189.92,118.82839999999999,20750.109999999997,523.9873799999999
1310,511,456,57191.66000000001,1682.5394199999998,166316.66999999998,4784.21904
1377,319,385,33728.52,1113.38288,78404.35,2253.52902
1524,60,340,12504.890000000001,412.4429200000001,42669.520000000004,1328.32672
1364,14,58,6513.06,220.28755999999998,19946.229999999996,657.62314
373,248,311,13527.85,365.3641,30424.690000000002,918.4937399999999
844,211,149,15024.34,428.28330000000005,42460.86,1341.21074
361,179,129,11086.399999999998,262.84069999999997,27871.579999999998,781.2842800000001
482,111,68,8184.12,230.57558,20698.83,635.94628
1865,459,120,25787.33,861.6600000000001,69210.68000000001,2058.35704
1615,302,465,44408.47,1420.9231999999997,97768.99999999999,2802.44666
1622,348,455,49923.54,1575.91614,107169.55999999998,3005.8961200000003
1986,473,11,10126.27,396.65064,26547.27,892.60432
874,237,119,12234.45,402.19777999999997,30975.260000000002,993.6500400000001
281,299,200,8937.96,276.8781,38160.34,1023.7728999999999
1299,485,331,40936.15,1327.39766,135645.39999999997,3831.96198
763,278,431,21130.370000000003,731.5165199999999,49113.590000000004,1578.7217399999997
1537,266,428,33795.66,1094.8654000000001,83045.48999999999,2340.1079600000003
1434,290,14,13032.78,395.33006,19894.99,689.1326600000002
1582,495,411,73979.86000000002,2321.0479400000004,195245.44,5849.287139999999
1477,80,128,10000.539999999999,317.9951,28293.339999999997,911.67094
1559,47,69,8094.51,265.79498,21974.42,740.2335400000001
782,306,455,24511.05,851.1656800000001,61017.87999999999,1759.3605199999997
806,346,266,18245.8,668.2734600000001,64507.9,1914.4165999999998
1463,430,441,51238.85,1701.08586,104115.37999999999,3012.8386400000004
401,165,421,19591.61,599.61612,31480.640000000003,933.7315799999999
571,331,472,20814.170000000002,701.06192,51094.82,1463.84922
736,468,119,13311.13,528.14256,39756.969999999994,1206.0089400000002
652,353,322,18516.76,676.3901999999999,66306.05,1950.70104
1538,114,354,17051.980000000003,573.74564,51056.4,1606.56486
252,84,138,6300.66,196.47392,19473.82,657.54272
924,278,77,11221.91,362.58272,27948.46,860.5731
707,210,239,13208.55,476.2174,35771.37,1110.2694000000001
1626,56,39,9449.45,233.78458,21281.030000000006,685.0828999999999
2004,67,274,14292.579999999998,491.95104000000003,45665.11,1353.4027999999998
1846,305,310,36159.009999999995,1145.0522799999999,80359.29,2278.85726
1143,140,262,14873.650000000003,470.32691999999986,41296.3,1271.2700200000002
113,323,392,9844.96,283.62739999999997,26869.43,732.1708000000001
401,89,162,6922.639999999999,246.44015999999996,24563.520000000004,675.7031399999998
945,334,264,19908.46,673.79998,81699.65,2447.9150400000003
1739,442,179,32569.52,1119.12604,86064.84,2508.72158
918,382,4,8013.87,228.84656,15095.190000000002,527.2676799999999
1173,75,400,11779.16,405.81506,37353.43,1330.5049799999997
265,178,498,14310.9,373.11514,29829.03,807.98388
851,379,210,22274.71,709.5156000000001,56865.07000000001,1666.16138
1418,354,396,39867.41,1247.3045,87701.8,2485.74838
775,110,214,12188.739999999998,355.85336,28451.389999999996,925.53442
2024,16,41,7935.18,233.74912,18949.54,680.3596
1616,123,477,22709.239999999998,797.5898400000001,60849.52999999999,1879.4446599999999
707,84,372,11298.77,358.40888,31021.010000000002,976.1388599999998
1366,413,175,25135.41,856.2459999999999,67826.37000000001,1996.7856800000002
1615,52,285,12224.070000000002,400.38556,39959.61,1233.2673799999998
370,211,393,19748.5,579.1309799999999,32001.23,917.6195
447,62,304,9951.749999999998,243.91961999999998,22054.4,748.0821399999999
1791,285,318,33670.590000000004,1093.1054600000002,79664.72,2204.27328
334,43,492,11644.92,342.90654000000006,25892.87,872.6626400000001
1272,218,187,15018.249999999996,564.34664,45840.88,1326.9146999999998
1479,139,357,20092.74,662.0442800000001,60477.770000000004,1742.8508000000002
2041,28,315,15786.7,527.52432,44420.689999999995,1359.6092000000003
387,432,418,36265.81,1170.02816,60843.36000000001,1703.9404200000001
280,260,184,10089.73,257.79586,32171.57,861.8934000000002
1448,152,476,25522.45,811.6430200000001,60517.920000000006,1744.5666400000002
765,345,56,7745.960000000001,296.88651999999996,26479.409999999996,803.5403
1445,329,216,21276.2,802.9142199999999,60177.42,1867.73896
97,346,223,7305.3,217.11629999999997,24387.780000000002,729.31592
921,500,250,25598.140000000003,881.5052,65734.65,1890.64922
103,392,161,9041.079999999998,209.44585999999998,23033.98,639.0057800000001
1790,128,354,19846.19,689.80362,59560.340000000004,1736.77448
2000,344,96,19854.68,648.78426,45309.34999999999,1330.6977599999998
1759,160,430,26697.909999999996,928.2629200000001,64099.579999999994,1973.8203999999998
1426,168,388,21245.1,721.22612,56554.38999999999,1672.1648999999998
1602,121,347,19257.780000000002,638.33842,55263.509999999995,1642.39734
1077,115,286,13626.02,441.12718000000007,38928.759999999995,1213.53696
1525,117,452,18406.28,692.2618,57261.22000000001,1772.2665799999995
1140,227,18,7667.83,234.69879999999998,17004.980000000003,555.3845000000001
2034,446,504,80816.97999999998,2478.98042,144693.87999999998,4198.132439999999
1090,80,398,13106.09,434.87024,39293.71,1283.3938199999998
570,431,183,14407.329999999998,517.7525400000001,41503.770000000004,1310.7238000000002
735,361,464,25399.71,842.2279799999999,62602.99000000001,1811.6140399999997
1943,427,228,39169.17,1273.0351999999998,121989.38,3501.28332
1654,360,344,37477.869999999995,1249.3411,89722.69000000002,2566.4706
350,187,486,20284.999999999996,624.59322,34833.240000000005,966.4865400000001
904,462,307,29152.749999999993,965.1962599999999,90127.31000000001,2587.8667400000004
292,194,184,8198.25,235.91356000000002,32997.409999999996,947.7002400000001
596,463,443,27983.28,972.8991399999998,81011.11,2367.81292
92,185,448,6668.07,194.69135999999997,24526.96,701.0088400000001
73,456,481,13607.15,282.79290000000003,30674.340000000004,688.08494
1656,170,142,14983.51,499.03513999999996,35701.21000000001,1065.3700199999998
1566,151,451,23745.69,802.5953000000001,64738.04,1993.0220000000002
1087,228,183,16753.43,537.77314,43226.17,1262.97922
422,106,307,16719.960000000003,314.15342,24987.06,818.73534
1057,165,197,9868.13,459.69770000000005,39955.299999999996,1162.17084
1824,131,85,11926.25,412.50384,30873.960000000003,937.25476
2046,233,482,40867.19,1430.79304,104053.65,3044.2028999999998
1153,404,352,30485.8,1025.9768799999997,100910.95000000001,2892.9332000000004
1090,157,362,15628.65,565.3099599999998,46002.03,1484.6199000000001
338,136,389,14240.720000000001,421.09658,27170.870000000006,844.8465
136,420,257,11251.789999999999,284.1735,36568.53,839.4298999999999
426,85,456,13291.61,507.31422000000003,27736.760000000002,960.7103199999999
841,154,58,6353.15,243.25832,19767.44,736.04524
63,448,181,11377.53,214.36292000000003,22580.469999999998,613.9632399999999
897,502,227,24609.94,820.06304,66202.89,1846.8240600000001
1488,32,420,11860.289999999999,431.43901999999997,39368.85,1325.18146
716,460,112,13803.100000000002,433.9759400000001,36486.09,1117.0346599999998
1851,71,72,8016.94,292.08851999999996,24785.140000000003,827.0527000000002
1979,225,475,43361.659999999996,1381.79566,95388.58,2742.60838
1644,424,361,50702.37999999999,1608.12292,155672.83000000002,4551.895760000001
1026,160,77,11437.34,311.49717999999996,25378.409999999996,786.76556
1507,375,396,43820.66,1450.0816,91706.3,2712.4641600000004
1581,287,436,37409.56999999999,1244.4661599999997,83750.36,2507.55614
608,306,239,15336.259999999998,552.0994400000001,48601.560000000005,1454.7342400000002
1589,316,336,31292.600000000006,1045.47536,83080.81000000001,2322.64244
1104,282,377,25403.96,856.0676199999998,61483.0,1752.07882
428,462,442,36507.53999999999,1159.42902,63428.78999999999,1801.85446
712,491,242,23432.58,760.0409000000001,64839.92999999999,1860.70932
1545,144,97,10307.619999999999,390.57518000000005,28521.660000000003,934.7795399999999
1425,417,142,22269.840000000004,789.0643799999999,60629.780000000006,1756.23442
706,320,81,10499.22,340.48069999999996,28219.53,928.7530999999999
1962,290,420,46030.17,1479.6117799999997,103022.79999999999,2961.934259999999
968,434,56,10086.609999999999,354.73518,29122.289999999997,905.43822
262,60,300,11848.089999999998,289.02495999999996,24226.65,656.7793400000002
1288,492,499,61473.81,1895.2952400000001,104716.52000000002,2935.5846
2039,121,499,27975.420000000002,994.9412400000001,69640.32,2222.85248
1832,432,73,20454.66,683.15506,51454.92,1537.8683
568,346,227,16180.39,524.8353199999999,47703.770000000004,1444.07044
1456,68,40,10513.880000000001,225.35443999999998,21202.94,707.89824
1132,102,480,14804.66,505.1492400000001,49495.09,1394.54544
803,250,276,17708.629999999997,579.943,42522.49999999999,1247.5319
1939,470,323,57510.23,1783.6713,160434.79,4537.5737
1432,395,178,22535.269999999997,816.7079200000001,75254.38999999998,2148.22396
289,173,23,6758.42,142.36406,15631.11,484.17944000000006
1310,178,254,16046.7,571.41022,51745.51,1565.15704
1661,469,244,33685.259999999995,1210.0663399999999,113422.55999999998,3228.20078
1542,94,160,10673.830000000002,336.77233999999993,29683.669999999995,957.8051599999997
1915,190,24,9744.86,295.87722,20250.18,717.2575400000002
591,397,209,14932.210000000001,529.1808800000001,47368.57000000001,1443.9500600000001
1830,330,477,53216.340000000004,1716.78446,113473.25,3214.4723999999997
1077,117,501,15494.34,586.1959400000001,49222.92,1444.91234
69,22,134,9410.34,227.54492,17700.15,484.95950000000005
1582,349,168,24154.569999999996,777.72736,59392.619999999995,1715.1552799999997
1845,41,389,12561.06,469.1815999999999,46441.509999999995,1422.7619399999999
283,24,368,6304.929999999999,143.99034,21504.450000000004,622.46688
967,70,382,11956.859999999997,391.79568,36850.43000000001,1140.83618
1505,356,430,41340.86,1393.31624,92938.6,2662.3025000000002
1518,118,157,13794.579999999998,423.58191999999997,34332.79,1046.69758
1817,111,503,23920.29,864.9455399999999,65312.93000000001,1940.4701799999998
612,255,258,15020.100000000002,529.6335200000001,33993.39,1207.2332
1857,206,1,10140.91,575.6234400000001,17091.57,581.7373799999999
282,409,124,11150.539999999997,270.97404,29045.9,779.17426
816,219,346,16401.359999999997,562.32136,42565.75,1292.0233399999997
1711,102,326,17926.02,582.8816200000001,51114.36,1579.34318
625,180,72,9484.2,268.22258,24073.44,774.19856
73,151,97,7936.38,112.15292000000002,18005.920000000002,488.94465999999994
932,125,31,5009.160000000001,198.78561999999997,18751.78,591.78654
485,194,407,14811.360000000004,510.19302,35227.55,1161.06058
420,92,267,7809.43,315.71242,23189.670000000002,892.15918
367,328,92,7911.340000000001,289.8114999999999,24968.82,846.0905600000002
1846,346,285,40159.84,1245.44364,78204.7,2425.75466
1162,184,257,16214.52,547.19644,44966.979999999996,1301.26728
1893,435,228,40728.659999999996,1282.13032,102544.27,2999.5867799999996
182,463,351,15190.38,360.87897999999996,41391.469999999994,1093.16922
1890,459,259,47907.600000000006,1535.60524,135207.14,3871.9035200000008
1478,123,313,15431.51,565.8801,51473.270000000004,1619.6017800000002
1552,157,332,19926.74,646.5232400000001,59904.659999999996,1741.8803200000002
289,380,45,6629.62,178.67379999999997,19945.659999999996,547.33794
1647,475,416,58473.96,1799.58828,159522.84,4623.3919
598,237,59,8601.65,270.34456000000006,26320.140000000003,845.9651200000001
121,70,45,4971.920000000001,91.56486,16792.530000000002,424.83874000000003
375,27,188,9202.84,225.12082,19905.32,596.0237400000001
1882,53,474,17660.49,609.03016,53185.3,1618.0593800000001
80,476,291,9841.88,250.69848000000002,24569.66,766.96886
1479,46,283,10975.89,387.81116000000003,39598.29,1264.8284800000001
996,68,170,8801.8,303.54218000000003,26553.889999999996,911.85414
1940,281,314,36163.9,1184.0015399999997,85320.16,2459.1056000000003
1275,487,179,27521.95,940.8850399999999,79846.57,2338.0512200000003
530,130,437,13046.22,410.12790000000007,32608.6,993.5057999999999
684,170,318,11586.28,450.27084,34665.44,1145.51588
485,28,2,2734.96,59.96102,7880.82,309.99528
1178,28,452,9799.740000000002,353.5267,34674.63,1125.60292
1361,276,169,16937.239999999998,600.9439,42892.979999999996,1367.7918799999998
1450,494,245,42231.39,1307.66002,109740.87,3256.52228
708,135,54,8244.609999999999,246.19831999999997,21240.16,672.95416
1589,164,156,12583.01,471.15671999999995,36562.37,1113.91704
1525,10,475,11910.36,450.64936000000006,38845.78,1287.63758
379,33,417,10069.500000000002,322.9035,22222.26,720.5544399999999
1036,60,350,11306.74,377.12991999999997,33623.57,1120.31244
235,330,150,13171.37,279.06967999999995,29512.24,764.3657
232,475,286,17781.920000000002,396.61626,41429.29,958.0320599999999
1305,367,51,13750.0,404.99770000000007,30590.72,904.8399800000001
735,476,373,28792.04,992.34544,81340.72,2366.52994
1109,126,183,12138.64,415.6085999999999,32612.210000000003,1056.30622
1813,286,349,37007.97,1231.6534,87949.58,2545.9266
793,404,127,14508.61,524.2275999999999,36564.310000000005,1157.12872
1402,97,386,15357.01,513.8942199999999,48721.799999999996,1442.5864400000003
1202,328,347,30137.810000000005,1031.54402,64554.95,1926.4848200000001
369,269,106,9616.039999999999,296.72848,26899.989999999998,810.2672
1519,499,465,65121.31999999999,2031.5112199999999,154608.96,4413.51968
1326,129,366,14254.119999999999,560.94802,50795.12,1526.52784
1035,324,290,22431.59,788.05214,85184.13999999998,2526.9232600000005
663,45,375,10231.279999999999,310.60116000000005,26668.090000000004,848.0606
311,289,366,27208.780000000006,810.10222,33058.4,864.5585800000001
1735,101,59,9956.05,299.13973999999996,24643.52,767.0456
135,77,437,9072.24,185.0684,23984.9,673.99926
1042,141,44,8439.9,255.71868,19936.52,689.50062
1547,255,364,28574.840000000004,973.09674,77225.1,2227.1065200000003
502,435,161,14183.259999999998,514.96234,36087.59,1067.83308
997,260,356,22032.98,747.3977,56487.93000000001,1661.33868
345,209,159,9545.880000000001,290.42044,31679.6,931.3249
1613,182,477,28285.48,1016.13326,76209.54000000001,2111.48234
982,223,496,22170.32,754.4745,61281.05,1738.97062
750,392,196,17125.88,581.9050599999999,48965.36,1433.7148000000002
1562,98,30,5864.88,253.71536,22365.079999999998,683.8353599999999
1423,391,101,19314.57,674.89774,49268.65000000001,1483.0653000000002
1012,122,380,11576.499999999998,499.3635600000001,42880.119999999995,1299.94686
2033,241,386,33621.13,1257.19638,88240.14,2579.7976800000006
1152,475,472,48641.85,1515.5705600000001,132503.97000000003,3773.2467800000004
56,372,475,10039.65,255.30437999999995,26524.02,676.08484
1215,183,328,15871.539999999997,583.2163599999999,56526.94,1596.98234
913,477,140,18085.22,635.7499799999999,47488.3,1379.5485600000002
1539,249,334,29093.55,943.80758,73586.21,2105.53642
725,277,94,11471.53,370.51644,29553.18,944.1922799999999
1101,245,137,14445.15,496.7724,38163.95,1164.27496
1058,420,462,41624.009999999995,1349.2981000000002,83743.72,2392.5440199999994
1029,249,349,21436.7,731.6783399999999,52404.63999999999,1630.9584399999999
1537,53,276,10393.019999999999,381.51278,40238.61,1291.74516
1734,134,352,18112.730000000003,647.89778,60004.19,1762.00612
50,151,415,6383.03,150.68892,21572.87,584.1588599999999
1587,106,338,16089.35,534.27764,49207.08,1524.709
1801,124,415,20395.469999999998,807.0533,59317.520000000004,1796.51034
1657,316,486,47618.939999999995,1523.39718,99256.94,2909.4688200000005
1238,416,79,16155.34,585.62506,38459.39000000001,1212.43914
905,359,134,15876.419999999998,539.3838,45043.25,1422.7226600000001
88,170,259,7907.1,153.69506,20960.65,567.31516
961,243,119,12415.74,418.50523999999996,33526.53999999999,989.54974
1676,378,305,40093.310000000005,1293.68388,90316.51999999999,2557.25086
1187,393,179,23815.230000000003,785.7651,61921.829999999994,1831.6960800000002
755,501,246,26006.939999999995,832.58098,58171.880000000005,1679.29682
303,227,438,16048.570000000002,466.8168599999999,32118.420000000002,887.18524
365,448,171,14353.62,434.98686,32653.160000000003,929.08494
1058,368,240,21090.030000000002,705.79746,79789.84000000001,2322.15966
215,272,488,12578.710000000001,302.66948,31415.32,841.4512200000001
885,90,473,16688.18,446.00112000000007,37836.25000000001,1237.0160799999999
626,141,301,10322.85,398.84509999999995,34518.34,1028.88228
818,331,210,18124.96,595.20902,58929.93000000001,1728.38616
2039,184,461,32225.369999999995,1161.42656,80562.56000000001,2354.47746
2013,459,477,85159.70000000001,2586.67086,142367.19999999998,4402.4864800000005
1128,76,164,9810.73,332.92006000000003,28191.5,972.1978599999999
931,489,280,26843.78,921.3458199999999,86412.69,2452.6356399999995
71,10,82,2496.94,57.39263999999999,8061.5199999999995,324.19109999999995
160,232,510,10618.259999999998,279.24456,26594.2,778.0051799999999
921,377,103,17649.45,525.47756,33513.71000000001,1091.90998
1436,21,240,9799.83,332.44201999999996,32250.839999999997,1030.4705
69,431,404,10639.669999999998,290.29942,30383.859999999997,856.40138
1445,364,296,30074.43,1032.34786,127235.31000000001,3575.84398
476,376,438,22216.739999999998,721.8403000000001,43318.96000000001,1306.62412
1070,446,48,12152.66,348.96672,28789.0,909.0974
59,181,242,7605.589999999999,158.632,20078.72,536.0243800000001
1824,369,295,40914.22,1314.68508,91453.6,2588.80488
720,79,81,7811.219999999999,287.19588000000005,23146.329999999998,722.9978000000001
1165,108,365,15301.48,503.8908399999999,46653.34,1355.7211200000002
1101,413,409,39438.40000000001,1264.5916000000002,115188.87,3304.98848
1776,292,440,38918.920000000006,1344.77748,87979.59000000001,2590.56436
1920,169,148,16543.550000000003,534.63494,39770.969999999994,1305.9963599999999
1881,194,107,15711.61,526.2686600000001,37005.5,1136.13672
502,496,385,24586.75,851.2349399999999,72554.76,2066.5368
1800,184,173,18088.340000000004,622.8834400000001,47006.7,1430.2522000000001
529,399,325,20100.760000000002,699.1198200000001,56862.02,1644.9857800000002
671,65,145,8500.36,294.41352,22941.25,785.80722
127,475,137,10576.130000000001,245.31856,23131.73,625.05084
859,460,182,17460.909999999996,699.9117600000001,52179.44,1668.9374400000002
367,388,403,25379.59,939.4515000000001,34985.240000000005,1166.2270400000002
1849,509,206,40958.76,1363.24912,109158.6,3150.729
1734,189,94,12981.54,472.30715999999995,36987.21,1071.22296
1535,185,375,26036.329999999998,899.7505800000001,65152.96,1947.5285
849,304,294,19627.039999999997,680.6700400000001,74917.43,2168.61124
600,323,381,20646.92,683.55216,46600.78,1333.27598
1567,464,305,43594.93000000001,1421.29976,130744.91,3798.8028
777,175,361,14535.500000000004,516.3885200000001,40059.06,1272.1281999999999
774,452,404,29189.430000000004,1025.75836,94781.84,2755.6272399999993
830,467,10,8156.05,237.06954000000002,15919.13,542.87726
1881,440,282,42042.82,1460.44604,123166.15999999999,3377.7965400000003
1609,253,130,15699.39,575.83528,46777.84999999999,1274.7252000000003
1421,130,295,17465.82,560.43326,55092.02,1673.2185000000002
506,29,447,8557.69,284.10316,25042.7,822.2819999999999
810,362,46,10339.92,303.70378,23939.129999999997,788.7234000000001
351,262,122,10045.779999999999,286.10018,26831.010000000002,806.2526999999999
1650,221,7,6050.41,235.02964000000003,17986.370000000003,598.1204599999999
423,186,295,13518.64,379.82154,31237.110000000004,926.7505799999999
1641,503,266,45275.74999999999,1424.4009199999998,110182.18000000002,3244.1923399999996
2006,336,40,14123.559999999998,437.16664000000003,30060.940000000002,938.1828000000002
1392,335,232,24260.750000000004,825.9609200000001,66779.59,1926.9582599999999
724,463,50,9875.470000000001,347.05719999999997,27098.32,854.36548
846,126,100,9730.2,318.13702,24699.72,762.3089399999999
54,356,320,9839.44,192.8295,24494.57,725.68646
558,341,283,17601.34,578.05046,56530.61000000001,1584.8192599999998
788,483,220,21930.54,742.8180800000001,64302.08,1930.61098
123,74,55,5119.63,102.39946,17635.5,431.41642000000013
1095,502,137,21358.57,740.52094,50324.04,1446.16314
1654,471,218,35516.83,1208.38228,101836.90000000001,2921.52396
1262,72,294,12447.459999999997,414.40047999999996,41613.020000000004,1312.4031
1529,164,57,12802.68,345.38492,26154.739999999998,812.89792
1721,288,380,37349.19,1185.6520399999997,77555.99999999999,2279.1118
1577,270,17,10280.73,294.57453999999996,18274.52,589.0146199999999
221,269,185,11738.25,272.84247999999997,28887.840000000004,807.19516
1221,453,249,28965.43,1009.4751200000001,93249.92,2661.9000599999995
695,314,187,15461.359999999997,508.78333999999995,40909.94000000001,1291.3737400000005
179,124,479,9201.640000000001,218.27291999999997,26766.26,733.05252
548,31,451,9623.420000000002,294.80361999999997,26455.57,823.8432200000001
1122,246,444,25271.52,848.4469400000002,61241.27,1775.5904200000004
1010,187,491,21318.29,715.01718,53759.02,1670.0186
1723,488,113,26497.07,858.65474,68564.34,2011.85324
1758,297,159,22928.340000000004,808.69972,52364.37,1591.5515
1929,469,171,37223.969999999994,1238.71794,97495.51999999999,2782.84974
1319,319,194,21493.469999999998,721.38306,56357.29,1643.50912
1360,482,276,37243.58,1225.16308,125290.17,3538.46106
410,467,447,32530.99,1142.6217199999999,64644.68000000001,1713.7412999999997
1162,357,452,36155.86,1144.7581200000002,81371.9,2376.6009799999997
675,446,452,29170.499999999993,1065.9773600000003,62206.829999999994,1854.27418
1290,244,255,21402.5,739.02522,61597.719999999994,1787.9599000000003
301,146,64,5516.94,153.52542,19064.96,552.1217999999998
1490,21,213,12647.66,412.68368,30596.85,1012.81782
1855,95,289,15155.569999999998,519.3215,50833.68000000001,1534.1906800000002
604,429,411,27055.639999999996,889.0283800000001,79429.72,2247.42292
382,59,454,13476.49,402.26358,28582.72,802.366
1811,307,357,36923.729999999996,1307.68452,94564.01000000001,2741.25314
851,174,491,20358.85,619.9357400000001,49236.24,1498.1769199999999
2027,67,222,13458.169999999998,438.01149999999996,45943.53999999999,1409.1241799999998
831,344,181,17836.22,564.9467999999999,46774.8,1456.40768
1477,320,69,14395.13,527.9662000000001,29759.370000000003,985.586
888,297,87,10129.990000000002,417.48888,27695.18,980.68444
732,187,197,10914.91,425.23163999999997,33165.17,1010.4243
419,452,422,41924.91,1283.71278,60977.58999999999,1735.40292
873,413,70,13389.230000000001,471.17606000000006,31768.739999999998,993.2441200000001
1383,413,377,46911.46,1415.5371000000002,130929.82999999999,3719.21036
1992,391,442,66780.81,2055.90862,124373.51999999999,3681.6571799999997
1332,259,404,26906.68,928.0958600000001,69462.67000000001,2085.2911399999994
217,414,462,16904.85,432.23747999999995,34372.49999999999,945.6642599999999
54,193,448,8451.48,160.79389999999998,25611.54,588.73594
1893,150,357,24106.39,834.4794599999999,70945.22,1999.4505400000003
73,500,22,6271.980000000001,103.20878,16744.98,439.19587999999993
1319,336,338,29879.65,1065.96126,71410.98,2080.36756
60,400,169,6574.67,170.29118,22953.439999999995,604.1765399999999
1338,418,300,33549.119999999995,1093.5652800000003,113339.58,3203.10418
1257,44,269,11079.689999999999,363.37088,36360.91,1164.5856800000001
146,207,349,8994.09,214.6591,25305.75,707.77004
263,351,367,28680.360000000004,758.31698,35001.15000000001,819.9585
1104,368,345,29284.55,1026.39402,140024.68,4031.7305799999995
1137,214,10,15154.980000000001,512.3431400000001,20510.170000000002,611.02414
1887,394,252,54358.92999999999,1907.3420600000002,117051.76999999999,3972.4493799999996
1988,119,404,28622.880000000005,989.74488,71585.56999999999,2190.7045399999997
1123,40,288,10025.01,299.94952,31561.750000000007,1002.10736
1678,33,510,12711.189999999999,483.5735000000001,44191.810000000005,1421.65248
708,223,136,11046.710000000001,359.40943999999996,38920.78,1215.25278
1125,339,107,16695.489999999998,557.29006,39315.090000000004,1175.5006199999998
921,93,387,12660.570000000002,430.3254800000001,40809.15,1211.89604
1737,440,144,25423.000000000004,854.70274,66729.49,1922.76394
1266,6,465,12492.609999999999,441.62778,35227.64,1143.89536
1766,80,27,7431.029999999999,260.43292,18944.68,690.5499599999998
1366,281,457,33745.71,1115.40902,78913.93,2328.79184
1405,448,62,14962.720000000001,506.576,38950.71000000001,1169.3605200000002
795,124,342,12485.280000000002,410.06661999999994,37687.83,1120.8939400000002
1431,259,348,26124.829999999998,903.0007599999999,67188.54999999999,1990.9831799999997
238,363,285,18080.39,441.3636200000001,37024.469999999994,1057.59956
61,248,156,9047.210000000001,136.61621999999997,23376.45,524.3302
1713,511,119,28837.839999999997,962.8563200000001,67352.72,1922.2390200000002
1752,264,355,34717.21000000001,1172.12852,85130.46,2466.2013399999996
2039,492,401,75739.59000000001,2271.1266,218054.25,6232.5437600000005
1271,193,34,9215.640000000001,322.84614000000005,22753.189999999995,706.5323000000001
1112,12,426,8423.429999999998,360.99451999999997,30783.590000000004,1041.4915
725,389,312,21209.07,721.54724,65300.15000000001,1873.0200399999999
745,391,227,21548.44,695.79708,53014.40000000001,1607.1032
1320,476,244,26726.590000000004,1096.98056,83355.5,2628.42846
1795,288,481,44034.950000000004,1511.55008,96037.35,2770.62048
1959,157,347,26096.159999999996,899.29042,71201.59,2106.97914
414,511,453,44835.09999999999,1409.2272200000002,66453.11000000002,1832.4361999999996
1098,152,170,13717.029999999999,448.42056,33639.41,1060.77774
1803,137,317,19442.68,687.97496,59315.64999999999,1774.8015799999998
777,333,367,25504.04,840.1334799999998,57955.21,1619.8612399999997
1508,393,80,17817.939999999995,559.0347,45228.76,1345.04528
1344,236,348,21366.569999999996,784.5819600000001,62041.45,1829.36028
685,415,21,7770.37,234.2307,18861.67,601.7085199999999
1353,324,86,17173.36,548.3189799999999,35134.17,1086.42226
1364,114,8,4671.64,185.3725,14656.380000000001,507.50290000000007
396,366,445,30447.910000000003,941.5131600000001,40485.729999999996,1139.44346
780,362,361,25519.35,849.2942,91871.07999999999,2674.23464
604,392,334,22094.04,730.9370999999999,64701.33,1890.8916000000002
1453,464,91,19864.469999999998,719.6840199999999,51215.08,1518.26058
360,274,475,26887.7,798.0890999999999,36372.58,1012.48008
277,148,29,8298.310000000001,153.06329999999997,17069.02,469.9465
202,163,455,14071.029999999999,280.28569999999996,31461.7,743.3993199999999
48,183,121,4331.63,99.96252,25239.14,493.51149999999996
719,438,140,13944.679999999998,502.22917999999993,37228.86,1129.59038
1945,369,490,63763.31000000001,1988.92432,136897.8,3978.9269200000003
704,313,129,11487.45,420.88230000000004,37009.12,1118.2806999999998
1526,116,56,7313.82,305.00464,26818.139999999996,818.2610599999999
611,76,176,7498.76,241.43310000000002,23667.61,761.8322000000002
1148,343,175,20054.27,689.1728999999999,48817.04,1542.2829800000002
1878,484,461,77744.56999999999,2330.12432,225739.16999999998,6498.2089
58,212,193,12185.039999999999,550.8243800000001,22689.21,616.4226000000001
1789,135,297,17356.52,647.26514,56971.869999999995,1695.0174000000002
1535,31,132,11855.419999999998,348.74516,29098.409999999996,898.82852
447,368,379,19216.790000000005,644.86884,42193.58,1213.37654
52,25,498,5494.360000000001,146.17236,18416.71,592.84766
1898,9,26,7800.3,215.36836000000002,19456.109999999997,635.6171
1011,335,93,15784.84,486.74816,33920.88,1068.94708
724,148,299,11377.509999999998,443.7535,33409.87999999999,1128.48326
573,129,333,11924.990000000002,381.12667999999996,31520.269999999997,996.1934600000001
1612,491,387,58065.030000000006,1794.64552,174899.44,5035.76912
121,287,322,11165.750000000002,306.39528,28607.639999999996,809.2996800000001
2045,373,98,22161.280000000002,728.384,48076.64,1426.7729199999999
801,489,312,25581.0,879.5829199999998,83107.06000000003,2474.44378
1899,82,245,15179.970000000001,468.79437999999993,44376.740000000005,1403.72268
730,232,226,13558.920000000002,486.11082,58398.31000000001,1766.0799199999997
1477,379,118,19376.23,700.6920400000001,51407.90000000001,1540.2636400000004
566,61,400,10256.96,280.29614000000004,28875.000000000007,922.8170600000001
206,79,284,7678.19,193.57286,25881.29,656.9615600000001
1160,146,218,13762.210000000001,456.1123199999999,41141.810000000005,1240.6289000000002
1668,162,351,22000.12,797.38008,65347.770000000004,1957.9486000000002
441,482,65,12249.1,297.85358,23815.269999999997,771.2127399999999
1028,197,186,14378.64,492.62435999999997,37738.01,1228.5410800000002
1326,174,312,16692.420000000002,582.4658,49081.89,1489.352
927,348,49,10619.460000000001,340.5772400000001,26148.629999999997,817.55676
1135,417,25,9501.32,311.11294,23441.03,745.50794
1515,422,87,19641.69,733.40642,47221.57000000001,1512.3434
1654,509,227,41550.270000000004,1342.14176,108799.16,3154.3147
1175,271,293,22259.480000000003,757.0073,59278.369999999995,1801.8599600000002
1927,427,224,37057.979999999996,1253.2255,116263.71,3365.5685599999997
1695,173,325,21706.559999999998,797.5276200000001,64574.94,1929.6376400000001
768,53,447,9869.380000000001,340.7497,31849.32,1008.3908799999999
1416,47,411,14167.52,422.9119400000001,43125.469999999994,1324.85936
1367,266,249,21958.61,782.47896,59983.969999999994,1785.0530599999997
1510,40,490,13466.789999999999,464.4188400000001,45502.83,1367.42022
1429,505,212,35560.84,1079.46502,84565.76,2433.19336
1555,9,459,13779.88,462.2180399999999,39687.4,1269.6431799999998
553,144,342,11127.9,387.41386,29981.65,983.8289600000002
1245,260,338,24082.59,793.1985400000001,61186.96,1800.4703599999998
1867,469,314,52283.18,1661.4689400000002,146407.16,4139.4759
1499,329,366,36721.71000000001,1160.11408,84684.24000000002,2455.4871599999997
1373,127,432,15687.840000000002,580.19316,53342.12999999999,1597.4788
1405,505,349,49160.1,1535.1512799999998,118850.35000000002,3486.43716
119,202,497,11251.170000000002,246.24523999999997,28552.76,745.59364
1070,197,486,20349.75,739.31862,57350.85,1675.2278399999996
722,383,286,19235.11,706.04482,63401.31000000001,1870.64608
1315,475,330,39381.630000000005,1332.87912,118298.01999999999,3462.49732
1024,206,464,20854.449999999997,684.04174,55407.6,1633.58966
289,61,4,3928.22,59.9129,8698.07,311.14304
1278,507,44,12644.0,445.71256000000005,32593.35,1013.7101799999998
39,457,319,8182.979999999999,180.42414000000002,23402.620000000003,662.7546600000001
834,443,25,8881.809999999998,273.37702,19530.59,649.24276
583,349,362,18325.129999999997,680.14188,48422.7,1425.26612
1216,296,410,28185.879999999997,956.2697199999999,66611.23,1931.9339200000002
1137,196,138,14391.51,457.74966000000006,34976.68,1083.08048
168,254,66,7175.26,144.20156,17714.8,497.12158
61,420,327,16050.329999999998,263.89398,22330.9,755.42552
1988,424,87,23629.67,837.2649799999999,60383.18999999999,1803.7181400000002
1890,129,393,20798.309999999998,793.50568,64087.95,1941.4913400000005
1423,390,238,28893.440000000002,990.99596,87624.23999999999,2639.3259799999996
1897,448,292,45926.99999999999,1489.4587199999999,125371.95999999999,3392.9165799999996
37,93,239,4907.1900000000005,88.25739999999999,18677.32,466.91128
491,247,441,20033.47,589.3303400000001,37703.8,1148.31572
1754,70,220,11647.35,419.2429,39352.280000000006,1254.62978
1140,305,175,17540.879999999997,626.79746,47027.46,1413.58766
1587,144,449,22527.490000000005,835.7939400000001,56980.38999999999,1725.57958
1101,13,123,6298.8,294.40790000000004,20538.9,766.12378
630,94,481,13387.970000000001,387.96018,33474.68000000001,1067.0525599999999
1248,391,228,24680.11,851.4751600000002,76385.29999999999,2177.0522200000005
1383,292,278,24727.72,893.29726,65596.76999999999,1961.3077000000005
901,370,68,11743.11,411.49467999999996,28868.4,943.88608
478,281,387,18400.19,612.7124200000001,39993.83,1195.6216200000001
1083,479,336,32405.859999999997,1070.74458,96003.8,2814.4175800000003
1562,498,364,50671.92,1587.95516,125679.00999999998,3586.9973
1406,268,32,7828.99,299.37,21726.0,753.8151999999999
232,484,502,19846.079999999998,527.24406,41018.630000000005,1042.67542
464,268,422,16789.489999999998,596.0791999999999,36589.32,1170.73588
821,165,457,15740.36,582.7136,42034.170000000006,1382.7462
917,259,232,16395.81,549.13924,56353.66000000001,1694.4303999999997
860,137,356,13735.34,450.3407,38460.59,1247.4060000000002
1408,14,298,11982.41,402.2591,30464.370000000003,1062.8216200000002
1962,452,492,77132.37,2362.0475799999995,145304.83,4229.205039999999
1652,175,415,25690.920000000002,921.03052,64439.530000000006,1983.47588
1407,53,414,-2621418826.84,460.3555399999999,39685.520000000004,1279.43632
49,399,337,10167.21,249.46628,24783.3,732.06656
1943,343,147,24609.280000000002,895.3000199999999,57292.39,1708.6796400000003
1040,119,315,14265.689999999999,452.51606000000004,41713.73999999999,1273.09766
67,29,176,4520.87,82.51500000000001,15996.060000000001,437.72522
90,34,406,9052.1,138.82808000000003,22326.65,535.7740200000001
1634,75,396,15560.87,509.46007999999995,49575.69000000001,1493.2005199999999
379,255,118,9479.34,300.40378,26601.5,803.64056
872,289,426,23491.14,798.31332,59821.58,1721.4904799999997
67,49,223,6024.139999999999,109.67842,17504.859999999997,463.1352
73,225,444,11408.07,203.08919999999998,25163.52,608.11562
788,268,264,15689.039999999999,528.8702000000001,59303.39,1677.4575799999998
126,289,97,8299.539999999999,195.25426000000002,20344.18,519.2977800000001
496,443,387,24212.55,778.84934,66528.2,1801.372
1242,130,422,17382.16,605.4648,49103.28999999999,1512.1919
1125,55,347,11798.69,381.82144000000005,33442.899999999994,1101.84442
507,201,336,10925.289999999999,380.37852,32865.490000000005,1039.2747200000001
919,335,68,12902.87,404.50918,29117.93,922.48364
1640,442,241,38107.810000000005,1260.45338,107281.83,3035.46428
1061,364,347,29186.339999999997,1015.71334,128282.73999999999,3841.759359999999
1621,403,219,33361.57,1074.5130000000001,92742.78000000001,2627.83194
1692,44,269,8256.23,369.54892,41704.62,1276.66812
1578,315,389,37011.65,1254.9344400000002,85866.45000000001,2491.62732
494,315,369,19128.910000000003,666.8300800000001,41893.200000000004,1257.23568
64,229,277,8618.130000000001,178.54968,20862.36,582.1976199999998
1656,446,290,45027.33,1433.0320000000002,113370.65,3249.7221199999994
995,99,166,11156.59,339.2192999999999,29335.859999999997,965.4662000000001
1945,459,171,33986.74,1214.82924,95668.01999999999,2812.48614
2037,80,511,21371.999999999993,828.54522,58967.1,1840.25142
341,453,239,16997.620000000003,482.34018,40271.509999999995,1146.3200199999999
1765,80,358,16761.44,581.68336,46690.55,1477.0816999999997
1875,116,32,9124.75,253.83862,20622.559999999998,803.3758399999999
1603,98,189,13121.970000000001,439.81946,35272.079999999994,1177.80736
951,340,191,19529.350000000002,626.4831999999999,53240.79,1666.7423800000001
329,340,393,24515.94,725.4615999999999,36947.479999999996,973.7797
231,445,443,17455.420000000002,491.66085999999996,46204.12,1111.0060199999998
317,62,367,14645.99,381.2871,22982.74,689.56924
1066,344,365,28274.5,1013.9578400000003,64064.18999999999,1918.4783200000002
721,15,392,11539.899999999998,276.61614000000003,26064.32,889.6834799999999
1195,374,474,41748.520000000004,1276.23054,83092.43,2415.33586
1156,334,275,25056.120000000003,859.05586,90292.1,2679.66046
1687,38,309,13402.7,372.62794,36736.96000000001,1218.5892
358,298,420,28153.619999999995,840.0049200000001,36916.43999999999,1029.6475599999999
1138,269,32,9437.24,274.12268,23156.67,715.2528
1875,212,125,14373.09,585.1277000000001,39624.53,1266.66822
765,499,324,26828.589999999997,923.88718,66666.09000000001,1977.4739399999999
906,213,300,18362.95,578.04612,45858.020000000004,1357.1244000000002
1102,53,151,7308.93,290.06164,25037.769999999997,882.26504
534,8,109,10684.149999999998,259.7875,18467.989999999998,601.09308
659,236,69,10394.289999999999,327.99681999999996,29935.23,934.8983000000001
1436,495,390,50785.979999999996,1630.03482,155410.34,4378.086
1803,249,417,37151.38,1265.6362199999999,81480.50000000001,2419.8652800000004
869,355,244,21173.05,666.7470000000001,72147.66,2167.86022
435,458,221,12474.96,532.3578,47435.229999999996,1255.2875800000002
960,94,130,9757.02,317.8979599999999,26890.23,876.9732
954,23,8,4697.870000000001,170.2635,12427.269999999999,446.4819600000001
1497,318,32,8011.4400000000005,326.34162000000003,23268.980000000003,764.7737599999999
805,249,217,15184.899999999998,554.80796,45375.869999999995,1382.32622
259,379,324,26849.93,721.3807200000001,41837.05,1039.20584
183,37,28,9381.119999999999,98.23653999999999,16893.96,410.87476
482,437,208,15056.749999999996,492.4363199999999,41298.03,1143.1721400000001
2010,393,256,39172.310000000005,1227.14796,121019.60999999999,3414.06952
1800,356,146,23020.620000000003,816.0208399999999,55074.3,1681.2712000000004
246,339,35,6160.929999999999,137.67194,17242.41,531.2018999999999
872,324,211,19551.4,638.50856,61978.56999999999,1780.6246800000001
1296,96,46,8812.84,267.24358,21420.899999999998,719.50712
1687,265,493,42119.009999999995,1455.5173399999999,95484.48000000001,2909.12374
1026,319,85,12847.83,460.0099400000001,33282.939999999995,1022.1271200000001
1486,189,285,21164.489999999998,707.9411200000001,58250.61,1752.7428599999998
1768,260,156,18478.95,674.5471799999999,50508.28999999999,1532.7670399999997
1339,269,348,24537.27,858.84118,68900.0,1991.6124400000003
1042,209,72,11437.98,341.79676,25747.02,834.3428
1430,88,398,17025.66,534.248,45465.65,1407.2721
1595,177,391,23415.53,818.2886599999999,67436.37,1931.4385200000002
37,194,188,6810.910000000001,108.31142,21964.039999999997,567.3352400000001
344,16,159,9058.84,266.24758,21359.19,603.18308
1098,490,314,33356.21000000001,1129.16458,117740.80999999998,3491.1566
1712,212,504,30138.45,1194.4273800000003,84156.24,2593.45798
1330,267,216,19077.72,657.9938799999999,54465.159999999996,1658.2021000000004
467,267,389,17770.35,543.3051800000001,35753.11,1155.3249799999999
659,212,67,9525.7,307.82322,23524.77,756.5985000000001
953,79,81,12047.119999999999,326.72392,22957.71,691.6707800000001
507,20,425,8549.2,285.23280000000005,24008.66,776.42476
830,461,37,9595.920000000002,329.55608000000007,21615.58,755.6476
1758,451,469,69827.68000000001,2237.2715199999993,131103.79,3804.96152
1580,77,210,12129.51,411.24107999999995,37933.840000000004,1250.0036
1825,17,33,8071.279999999999,252.19595999999996,20205.660000000003,673.6326799999999
1207,342,310,28729.170000000002,958.77742,103349.92000000001,2955.4247599999994
364,53,209,8326.949999999999,239.94278,22376.019999999997,693.11984
64,278,118,6091.2699999999995,174.31952,23294.0,688.6715599999999
1509,456,320,36831.65000000001,1297.6851799999997,131245.96,3780.56578
1338,459,396,42639.67,1468.7459800000001,145164.44,4299.43082
111,422,356,13733.470000000001,361.43526,35135.4,1033.62186
508,326,181,11840.189999999999,442.01114000000007,43379.40999999999,1327.5605200000002
1924,351,4,8013.92,300.24780000000004,19412.79,719.2008000000001
1308,333,74,12745.95,480.73276,35507.719999999994,1118.6510599999997
1694,48,273,10978.93,381.16166,38701.11,1278.1624000000002
1012,295,317,19258.98,779.94048,57180.07000000001,1778.9810000000002
1078,81,412,11595.99,409.5748,42971.11,1338.60458
2027,298,219,27581.670000000006,1030.4926600000001,76630.04999999999,2223.6524200000003
271,192,350,14501.91,488.6934400000001,30745.2,888.63454
1680,132,481,23994.68,911.8443,65610.13,2031.848
715,44,358,6588.100000000001,322.59356,27025.75,979.6779799999998
284,435,403,24373.07,787.8137,53083.29999999999,1445.7043600000002
1845,57,288,10430.29,392.69097999999997,42547.020000000004,1264.21806
140,245,117,7551.83,189.84966,19639.2,542.3622200000001
1816,427,424,60786.54999999999,1870.38282,195299.78000000003,5549.02438
523,398,157,15960.01,501.2961399999999,37163.659999999996,1152.78756
948,368,248,19862.600000000002,675.9147,79512.13999999998,2317.10096
1455,26,77,9284.670000000002,308.71996,21813.260000000002,740.3841399999999
1959,194,370,32584.210000000003,1052.9969800000001,80055.29,2341.6165
1610,144,456,20971.54,762.97216,62069.6,1852.84048
1952,123,311,20916.68,695.6184,58552.740000000005,1741.85366
199,403,388,17542.629999999997,426.6566199999999,38988.590000000004,1001.42442
133,418,154,11608.24,237.84946,26344.539999999997,639.56642
389,497,119,16810.29,395.49156,33489.24999999999,914.7169799999999
1236,437,214,25829.44,901.1163800000002,70754.23,2031.5429200000003
1860,120,424,22800.83,791.1736,62174.56000000001,1818.8051199999998
1089,1,280,6923.180000000002,249.42054,24975.510000000002,813.68218
898,456,61,11006.439999999999,393.72102000000007,30314.23,1026.2157
761,245,477,24550.64,726.8715599999999,47136.19000000001,1531.99714
730,264,153,12691.59,438.16142,42641.48,1278.44798
775,149,353,13158.52,456.3087199999999,35533.420000000006,1186.9802800000002
868,269,357,21246.23,716.5945800000001,54015.4,1575.9266400000001
297,7,98,8941.66,155.9131,15743.960000000001,478.0878799999999
964,470,415,41145.49,1252.00726,106750.26000000001,3030.3071599999994
1064,187,368,18603.49,587.32272,50359.420000000006,1485.5645800000002
366,141,215,11030.2,295.08259999999996,24664.25,771.1101
367,273,206,10845.300000000001,396.64132,35669.48,1045.88242
1050,263,370,23271.500000000007,768.47576,60646.8,1749.8309199999999
1380,328,371,34742.92,1169.3176600000002,74371.19,2166.5414600000004
185,210,341,13832.35,279.28774,26437.93,747.1388
685,267,189,13451.560000000001,484.7255,45599.90000000001,1454.53978
1202,239,73,12597.000000000002,409.46148,28114.019999999997,893.5882600000001
589,72,163,9215.099999999999,288.04418,22247.269999999997,757.42016
583,272,168,11096.16,412.9507200000001,38344.659999999996,1260.0986
1868,496,38,16627.74,536.7240800000002,41660.09,1270.36886
1546,489,51,14993.26,566.8314200000001,42363.14,1300.60202
607,269,158,14489.700000000003,404.28026,37448.009999999995,1197.15682
1386,207,327,23014.52,773.7402999999999,63559.35,1816.8354799999997
633,489,36,9550.720000000001,269.64542,23181.7,707.3305
445,287,239,13845.24,446.29292,42776.38,1232.948
761,466,331,26796.170000000002,897.6822800000002,76333.97,2226.42772
1784,407,77,22462.67,709.19882,47622.58,1417.3753000000002
1122,182,374,19695.419999999995,638.90052,50885.450000000004,1522.2474
115,243,128,7452.979999999999,140.61545999999998,19017.870000000003,538.69324
1033,368,115,18141.44,571.7241799999999,38242.21000000001,1184.87512
969,443,460,40341.1,1248.0634,79955.20999999999,2344.0192399999996
1354,468,255,35685.44,1201.1792,96780.12999999999,2771.7526000000007
1163,84,94,10023.149999999998,298.67564,24955.969999999998,811.41768
1783,396,186,32758.1,1020.00186,89031.09999999999,2535.3288599999996
519,304,383,19548.36,627.7205999999999,42205.07,1224.60532
677,152,430,13248.24,475.38718,39515.37,1172.5299999999997
1297,485,120,22576.239999999998,719.5192599999999,59708.670000000006,1754.28252
593,37,274,9371.94,277.72115999999994,25938.050000000003,854.4355999999998
1437,164,493,24379.840000000004,836.9272199999999,64432.23999999999,1946.53538
1874,208,402,32785.02,1061.90428,73797.98,2245.2663000000002
1942,303,406,47191.65,1499.3600199999998,103392.07,2949.21368
1747,364,17,11071.810000000001,363.22659999999996,21925.530000000002,669.51314
598,183,241,12308.320000000002,385.86012,32734.85,1033.0929
257,86,232,9233.97,197.76148,23043.159999999996,655.71666
1546,385,414,45554.7,1454.84298,100273.14,2856.2530800000004
993,308,449,27126.340000000004,952.26188,63805.990000000005,1856.46686
1964,275,348,38961.100000000006,1260.11544,95901.86000000002,2772.5274200000003
1143,82,224,8967.91,326.61142,33740.23,1059.2558800000002
1120,505,36,11215.789999999999,422.75235999999995,29536.04,907.45656
1625,217,110,15471.12,517.3936199999999,37527.33,1133.35642
85,437,49,6044.93,125.19499999999998,18016.310000000005,487.4473
1997,361,145,24777.199999999997,946.9437599999999,60361.119999999995,1797.90284
831,443,489,36426.87,1241.4684000000002,77412.53,2230.56174
305,349,123,9055.149999999998,274.16858,26943.93,805.20078
2042,119,449,23217.66,851.51518,70050.46,2157.3803599999997
1054,19,220,9418.92,356.8326,25259.26,859.7475999999999
1466,266,374,28652.870000000003,976.5704,72160.99,2072.35514
302,264,466,21886.579999999998,646.9651199999998,34143.520000000004,914.05316
1437,410,56,13975.179999999998,470.76156000000003,34608.060000000005,1082.5376
1156,394,219,25763.48,842.4216199999998,72989.31,2136.73924
2042,288,126,20638.33,761.0929799999999,52828.880000000005,1505.2638
1484,150,240,17092.22,518.0559400000001,50759.159999999996,1500.94448
2028,155,432,26077.200000000004,927.1070399999999,73423.30999999998,2257.9984
743,225,78,10972.890000000001,352.65498,24707.489999999994,839.79912
1823,423,132,27307.65,910.35024,77971.59,2166.2239
1857,156,92,12093.460000000003,452.97744,30695.1,1021.6896
1110,203,119,11050.42,442.85652,33079.76,1022.2611000000003
1309,410,406,40990.520000000004,1403.98838,113567.23999999999,3223.49314
189,143,346,8094.469999999999,227.85714000000002,26207.18,737.9786799999999
843,218,51,10700.679999999998,293.64142000000004,24531.170000000002,741.1229399999999
1145,272,28,9722.899999999998,271.4283,19294.37,636.0363600000001
1532,386,70,17318.730000000003,590.07578,42795.28999999999,1286.08304
679,262,495,23071.749999999996,744.2695,53074.27,1527.95578
305,37,106,8817.730000000001,183.36661999999998,17751.39,505.17218
1353,279,41,12216.189999999999,369.5206999999999,25416.209999999995,798.4756
1602,399,1,9644.750000000004,273.16224,15375.320000000002,620.3369999999999
405,188,309,11724.8,385.30349999999993,28539.409999999996,945.62888
230,306,130,10758.64,240.16078,25054.85,648.69318
1540,356,450,44413.31,1446.8070400000001,97806.83,2684.47998
147,260,341,9764.35,292.80458000000004,27262.589999999997,745.3356
1154,464,401,44295.48,1376.8969,126144.71,3554.0621999999994
1059,65,220,7817.999999999998,318.38086,33147.5,1017.8605800000001
1354,201,479,27784.359999999997,926.12194,69206.38,1988.8491000000001
1532,212,294,22710.53,791.0391200000001,67101.28,1979.88812
1509,321,55,13838.419999999998,460.48004000000003,31659.510000000002,970.7143
669,2,467,9860.240000000002,305.96650000000005,25282.519999999997,826.1323
1594,510,65,22028.8,729.38054,41335.28,1291.26694
1498,139,131,14475.070000000002,471.22994,34248.57,1068.86314
2017,301,82,18887.249999999996,631.44544,38061.399999999994,1212.48466
450,358,146,13787.76,397.8858200000001,33545.44000000001,1131.4024800000002
1632,179,123,15176.99,512.89748,35193.31,1119.2527599999999
1282,509,312,38160.4,1248.7640800000001,107301.35000000002,3029.70798
2015,405,326,51903.560000000005,1667.48832,148983.44,4250.95568
738,451,199,20894.739999999998,698.37328,53416.020000000004,1584.1444000000001
617,53,170,9931.58,251.16102,23442.340000000004,736.33062
1992,507,155,40226.310000000005,1247.1890999999998,83780.99,2420.3642200000004
437,464,206,17602.53,526.5911400000001,38859.08,1214.7138799999998
1768,295,41,12214.3,436.7537000000001,28344.129999999997,866.91202
807,283,64,9362.17,276.32498,26130.879999999997,820.1880600000001
1885,270,324,32227.659999999996,1102.43496,84522.51,2365.4438800000003
573,203,444,16325.029999999999,502.62476,38972.030000000006,1217.8957599999999
1482,123,120,12034.259999999998,408.91348,31337.859999999997,985.17914
109,244,104,11617.36,139.65576,13968.470000000001,502.69872
757,53,106,7558.58,260.59694,22496.85,675.7941600000001
816,322,369,22520.69,775.78564,54775.240000000005,1609.7393
74,171,317,7551.839999999999,155.49588,22413.32,581.5613800000001
1207,179,36,10921.04,285.51797999999997,19665.44,693.3512000000001
1771,305,476,47690.909999999996,1527.1041999999998,102378.86,3031.82972
1105,270,306,21901.809999999998,728.36634,56497.68000000001,1672.4382
135,206,175,9689.859999999999,212.90778,24909.69,677.7329199999999
353,392,170,12948.53,385.10227999999995,32894.15,989.9182800000001
1601,173,377,23605.88,801.7245999999999,73045.4,2074.30944
1370,244,327,22119.02,838.5414800000001,62074.46000000001,1951.5933
1834,226,197,22790.469999999998,762.78418,53627.21,1656.5875
1622,191,467,29094.170000000002,1030.62482,75483.83000000002,2194.71356
272,347,68,10013.369999999999,198.30969999999996,20471.16,601.9311
754,334,302,19233.97,687.9870800000001,70345.29,2053.17326
416,463,382,22050.719999999998,718.5363599999998,60287.95,1699.6442
1376,359,22,8339.770000000002,312.72048000000007,20122.04,724.1422200000001
909,421,235,19038.65,792.16222,63209.11,2112.5159599999997
1572,293,187,22344.24,781.2735599999999,56557.51000000001,1722.5551000000003
1161,276,486,29842.489999999998,1019.26726,70780.42,2091.1955
2024,71,112,11660.140000000001,335.22986000000003,29537.870000000003,957.4137999999999
1627,488,54,15136.059999999998,573.40224,43220.14,1412.29156
530,363,303,19113.78,633.4242,61164.479999999996,1800.2772999999997
841,267,440,23232.980000000003,721.1909800000001,52097.64,1595.35616
1310,274,401,27858.18,977.23246,71207.13,2076.4947399999996
1595,83,459,18122.519999999997,608.2803000000001,58029.04,1685.7259399999998
2037,5,415,16301.189999999999,563.9825800000001,47878.32,1531.0295600000004
2023,151,59,9966.38,389.82598,27321.0,900.4472400000001
1903,20,486,16877.99,620.07476,50757.28999999999,1678.90418
1471,43,93,8208.57,269.71331999999995,24576.420000000002,808.12174
706,372,307,21339.07,743.9640199999998,56667.340000000004,1635.2237200000002
1381,34,251,9736.929999999998,327.43100000000004,33018.090000000004,1087.9276
1442,352,416,37231.979999999996,1279.1462999999999,86783.2,2457.79748
1718,152,246,18823.78,664.9249199999999,56393.86,1690.61624
1405,347,326,31204.139999999996,1102.8750000000002,119024.91,3370.76992
1283,368,344,30642.03,1061.6586000000002,128658.06000000001,3637.93514
297,368,356,28761.53,845.17628,53129.71000000001,1377.08286
1709,373,336,39710.57000000001,1261.10284,94974.74,2667.762919999999
413,82,138,8148.7699999999995,277.6481,21423.870000000003,739.3629200000001
137,8,103,2552.47,68.06884,9722.91,339.01904
1743,211,488,34780.16,1120.1063399999998,86863.23000000001,2627.8961
1449,157,119,14790.65,470.6999400000001,33364.740000000005,1018.8922399999999
1008,53,64,7033.680000000002,224.57245999999995,20195.29,677.8081000000001
810,34,335,10440.61,318.79368,27784.96,892.04264
302,450,237,15043.280000000002,414.93978,36746.8,1073.6831599999998
285,2,169,9056.39,206.27692000000002,18850.66,560.5080200000001
1538,345,497,47713.530000000006,1566.65274,101606.72,2983.809
1141,155,15,18340.41,601.41302,22700.72,666.83948
736,90,1,7490.219999999999,175.72184,14385.970000000001,492.84026000000006
1130,221,372,29579.340000000004,1089.5787,71040.48999999999,2113.15024
651,11,372,7894.85,312.97622000000007,26677.830000000005,987.4709200000001
2027,230,500,45089.619999999995,1606.35092,92921.56,3004.61028
732,12,150,13168.929999999998,308.05558,20822.07,740.1829399999999
1696,109,496,20641.4,741.05636,65699.34,1947.28878
244,370,277,12601.88,386.94328,34291.31999999999,893.2368200000001
212,8,235,9269.999999999998,172.04004,21977.510000000002,545.8085199999999
1604,511,149,31416.489999999998,1061.5476,75523.47,2137.4650200000005
424,349,311,18447.82,567.0407599999999,47682.409999999996,1592.42462
1065,197,309,17829.549999999996,608.8787799999999,48373.259999999995,1419.0863200000003
82,6,234,2861.3199999999997,66.6991,9672.869999999999,343.3732999999999
242,420,259,16289.669999999998,446.92806,38548.51,1013.5551399999998
1850,302,383,41144.229999999996,1350.61506,92914.23,2687.5176199999996
121,363,399,13494.840000000002,373.67472,27373.589999999997,781.8067000000001
1686,55,409,15895.37,496.0545,50419.75000000001,1501.71962
937,363,264,22652.5,707.23224,77230.11000000002,2328.5188399999997
1826,110,152,13339.179999999998,429.95632000000006,34963.350000000006,1111.3059799999999
1429,178,371,24803.989999999998,826.33386,59412.69000000002,1801.8930400000002
1165,344,191,21503.800000000003,718.98182,54553.71000000001,1655.4692599999998
1625,15,479,13992.269999999999,515.26504,50980.69,1688.09342
77,418,30,4697.85,102.36704,16301.27,453.622
948,387,355,30590.15,984.3458799999999,93398.14,2669.3952799999997
1040,198,507,22623.85,777.8351799999999,57973.55999999998,1692.77864
866,115,403,15556.000000000004,487.57414000000006,40886.13,1295.73858
1924,131,203,16035.13,577.97348,50565.65,1525.04992
525,312,344,16675.37,579.0385399999999,36926.81,1192.44886
1863,351,375,50663.96000000001,1614.7760400000002,109770.86000000002,3140.48388
1900,499,13,11121.19,436.5559999999999,26096.739999999998,906.5389000000001
881,402,396,28373.409999999996,1023.47954,86748.37000000001,2511.89278
1638,10,336,10036.58,358.72074,38012.01,1273.2633
1301,250,153,14766.76,549.1379,42304.65,1327.31596
841,428,131,16287.159999999998,573.1379600000001,42377.24,1365.48922
238,475,273,19509.870000000003,483.60819999999995,36341.44,1019.7022599999998
319,455,470,32921.64,1042.33292,43586.31999999999,1205.6394599999999
1500,213,112,12594.589999999998,422.0748200000001,35656.67,1060.54126
432,291,334,16829.77,536.59964,39344.99999999999,1119.1468200000002
692,18,178,9184.539999999999,316.09432000000004,21620.48,721.3747800000001
1787,225,49,14059.4,394.56126,27725.699999999993,892.9599000000001
1874,501,159,37301.509999999995,1223.41336,88942.01000000001,2556.74654
1615,178,250,17813.11,642.8055,57361.259999999995,1673.2526199999998
1580,401,14,9696.640000000001,334.69331999999997,21832.81,724.04016
1387,216,484,28422.140000000003,999.0760399999999,71224.76999999999,2199.16518
1432,448,180,27770.29,912.3792599999999,71304.17000000001,2135.7494
1721,182,227,20623.819999999996,682.2067599999999,58603.29,1709.1397200000004
1898,1,454,10208.08,351.30996,44984.59999999999,1496.38902
1325,49,54,9378.630000000001,266.24318000000005,19938.260000000002,689.70184
1760,69,193,12661.060000000001,393.1802,37394.270000000004,1146.59792
252,79,371,9569.670000000002,259.59176,25280.08,751.34766
1462,109,439,19056.879999999997,653.91682,59435.87999999999,1768.20318
403,248,327,16145.580000000002,470.00942,32658.54,994.1429
1832,239,330,27091.03,1029.3978399999999,77856.9,2367.71788
643,11,321,8892.189999999999,322.03,24373.7,904.8166399999998
1117,310,15,9228.5,383.1732600000001,19000.18,686.9402200000001
1860,467,71,26680.21,896.2532400000002,55410.58,1662.02532
1711,190,68,11861.52,432.8193600000001,28308.7,977.48174
1074,266,63,8930.670000000002,347.30054000000007,27161.78,968.54424
1676,327,59,11280.47,446.66892000000007,38317.15999999999,1137.2352400000002
461,337,189,11724.249999999998,442.56534,38621.11,1288.80102
1035,473,233,26488.580000000005,958.1271,76243.68000000002,2279.66184
650,471,148,16688.219999999998,577.4852599999999,42299.69,1383.12064
1043,58,461,13871.989999999996,430.01038,37232.56,1299.4732399999998
1231,43,447,10125.09,400.71193999999997,41317.020000000004,1305.91254
2040,221,85,13769.470000000001,554.65284,39335.240000000005,1233.09126
1973,210,331,28336.110000000004,1042.0984,78221.87000000001,2412.2755
653,83,445,8244.62,381.63411999999994,34005.04,1210.3839199999998
1939,213,27,9359.1,347.79824,25835.460000000003,868.0655199999999
419,191,199,10791.019999999999,383.17908,29894.9,950.8867999999999
1684,397,174,25114.030000000002,940.33966,78226.68,2339.86076
407,235,262,10427.18,397.80426,32008.6,1047.3644799999997
78,113,254,8093.26,148.17072,21930.5,600.98688
1425,400,291,31305.389999999996,1117.0581000000002,108917.03,3193.48658
923,40,190,9542.22,279.49287999999996,27184.43,932.7144999999998
513,236,295,12648.25,462.6087799999999,36964.06,1176.9466400000001
597,240,79,7857.65,331.53776000000005,31288.289999999997,1050.4193
426,164,505,15761.659999999998,583.3195400000001,35915.46000000001,1118.197
101,216,511,9989.579999999998,243.55112000000003,27672.090000000004,786.3173599999999
1977,169,446,27319.25,1032.92884,78328.66,2391.5845799999997
670,272,70,10431.539999999999,326.07183999999995,28385.57,946.5961800000001
1745,436,406,55630.380000000005,1830.7003,148063.59,4308.21284
1569,125,411,17481.03,676.98306,58879.219999999994,1851.0602199999998
570,440,10,4819.96,210.01746000000003,17606.79,616.4742599999998
277,445,57,7592.15,226.54374,21179.18,673.35832
1825,76,194,9772.34,409.55696,37170.92,1261.57512
426,425,313,19392.1,620.8785600000001,54579.909999999996,1623.49118
713,232,289,14877.23,542.3180000000001,40361.82,1257.41758
1595,277,199,20812.89,769.7202799999999,57569.46,1810.86368
631,397,146,11458.099999999999,468.6954400000001,38838.45,1252.6646400000002
677,444,500,28443.49,1052.9277200000001,64163.73,1928.3950399999999
772,393,160,13947.730000000001,495.39312,43339.69,1366.66298
419,301,290,14210.789999999999,505.2234599999999,49511.59999999999,1560.3401000000001
1390,238,90,7539.06,437.98332,36801.049999999996,1084.1050799999998
1220,104,483,14649.6,592.00242,45817.14,1547.5666999999999
78,417,182,8312.94,201.28946000000002,24249.22,710.49164
898,286,501,27273.489999999998,944.50108,63328.69,1916.6492600000001
727,224,101,11502.72,388.2948,31964.0,1101.47296
969,388,297,24586.1,866.2792400000001,79926.53,2463.23898
855,38,48,8261.1,204.2792,20709.809999999998,677.53982
526,143,3,3738.4,166.29752000000002,14349.95,528.54108
1391,355,13,8597.390000000001,286.30254,19791.829999999998,726.4634400000001
1099,82,349,12770.94,447.78110000000004,38134.100000000006,1279.49984
1104,245,415,22412.640000000003,832.74054,61310.26000000001,1940.4634600000002
1578,143,313,18757.94,623.0272199999999,54800.91000000001,1769.5699800000002
606,309,479,21155.909999999996,758.56346,51176.67,1614.4974399999999
945,6,9,3038.33,75.71669999999999,10308.800000000001,388.79383999999993
1769,126,318,17375.450000000004,621.6831599999999,57703.7,1755.4277400000003
2020,116,205,14563.61,546.8261600000001,46315.71,1478.33432
1293,144,249,12416.359999999999,520.40414,47400.36,1498.45766
1523,250,253,21430.019999999997,815.15528,63621.06,1946.0971999999997
654,422,391,26480.04,926.3136000000001,80499.64,2434.5955
1262,184,506,21587.489999999998,845.2050399999998,60127.43000000001,1889.3903199999997
955,134,176,9519.02,342.02386,30276.399999999994,1071.0123
561,269,4,5414.43,179.06338,15082.320000000002,554.99686
569,418,468,24493.3,880.2436599999999,56309.630000000005,1695.2286200000003
1739,390,330,40588.29,1405.52828,134828.2,3957.29312
109,34,222,7066.030000000001,136.82125999999997,20423.530000000006,556.2868799999999
1533,405,454,50906.85,1624.29416,111251.55999999998,3183.7344599999997
1034,81,377,14518.37,411.30941999999993,37100.15,1290.45836
430,124,119,10591.999999999998,321.62502000000006,23479.56,817.48432
747,337,457,23973.34,855.6714199999999,61086.240000000005,1828.7591400000001
1515,153,323,17451.67,666.2040199999999,57630.5,1859.4851800000001
1101,408,267,25540.120000000003,914.39846,78403.67000000001,2328.75422
908,421,57,10958.21,392.7909000000001,33248.79,1081.34814
1834,145,86,10220.3,447.35423999999995,30676.22,1062.4304799999998
748,486,57,9610.599999999999,392.07496000000003,31159.609999999993,1017.3528400000001
1419,318,420,33093.3,1173.3518399999998,85843.23,2603.7587
1343,478,175,26661.3,1013.8300999999998,72939.87,2181.9392799999996
1938,333,419,51167.439999999995,1778.2430800000002,113837.64000000001,3480.3733
1638,441,273,38785.29,1345.7013000000002,106646.42999999998,3188.89824
757,47,99,6663.789999999999,250.12581999999998,21634.420000000002,742.9110400000001
1846,292,340,32407.15,1183.34258,89574.42,2623.55866
1876,449,353,53702.33,1841.62696,154657.16999999998,4565.77358
977,348,224,17606.730000000003,627.21678,64412.06,2027.5884600000002
542,391,142,14537.36,484.90425999999997,37488.87,1114.11978
788,348,303,23989.850000000002,806.4954,75162.75,2206.7570800000003
895,273,416,20600.530000000002,719.4694400000001,56446.990000000005,1630.8351799999998
522,285,319,14258.389999999996,559.0575999999999,37689.12,1149.86426
819,261,507,23134.1,812.1871,53408.67,1679.5251199999998
1947,263,24,11755.91,345.3908,23006.58,819.8019
627,177,374,12304.6,457.31329999999997,34143.67,1156.9086399999999
932,195,153,14369.41,427.7391199999999,33555.24,1070.6804
1526,136,21,6881.7300000000005,228.88632,16362.25,567.2402599999999
1826,50,331,12280.210000000001,440.58796,44423.7,1455.5685799999997
1428,40,319,9142.99,358.69384,40798.270000000004,1276.2993999999999
595,128,420,12313.83,425.56482000000005,32878.31999999999,1096.4256599999999
508,98,318,11367.74,318.7078,26618.03,864.58614
553,225,44,5703.74,209.42777999999998,20721.33,643.82464
1467,182,227,16494.059999999998,586.1779999999999,49138.049999999996,1556.9571000000003
1049,298,159,15613.329999999998,562.95516,45006.55,1319.68668
1751,501,68,21912.809999999998,753.93014,46710.05,1417.4372
1000,117,371,15277.099999999997,499.25324,40552.799999999996,1297.1336000000001
215,408,336,14010.560000000001,315.38134,34558.04,932.9187800000002
697,255,251,16400.08,542.5058399999999,51871.80000000001,1608.3012199999998
705,474,227,21393.409999999996,719.5649799999999,57379.06,1647.5918200000003
1851,489,77,25074.44,840.94928,59148.4,1732.99198
777,68,456,12737.939999999999,363.8243800000001,32893.04,1066.3493400000002
117,475,394,13657.76,384.95434,38237.23,1047.92282
670,123,33,6887.229999999999,207.65937999999997,18553.37,556.1879000000001
93,80,159,5961.919999999999,122.29010000000001,18718.23,463.3952000000001
1851,371,31,12041.03,422.1049999999999,29283.920000000002,950.3263000000001
1816,332,124,21428.83,717.86374,49612.299999999996,1503.65108
760,232,334,15322.240000000002,574.75416,41474.52,1317.5883399999998
1853,319,406,44506.729999999996,1487.4615000000001,104997.8,3109.7706200000002
894,146,121,10734.21,350.2209399999999,27830.130000000005,866.2171000000001
1068,306,217,16343.9,643.8285799999999,62048.2,1837.6971999999998
1732,438,101,26527.619999999995,892.98068,57180.630000000005,1719.5484199999999
728,172,378,16621.06,478.2861,36843.770000000004,1157.8326399999999
1368,342,391,35534.02,1191.56474,82345.34,2470.93588
115,288,418,11084.58,303.01905999999997,26596.05,736.4277999999999
135,507,336,13179.95,314.25484,39261.38,889.6371000000001
1039,184,117,11419.64,398.9241,30072.54,919.46762
1832,508,309,58196.79,1788.7679400000002,138147.27,3953.5898199999997
1857,202,132,16284.179999999998,543.3733,43091.240000000005,1315.4938800000002
1869,262,13,16693.659999999996,586.24246,24917.569999999996,824.43414
1636,158,87,13746.91,522.6454799999999,35209.28,1136.95872
653,338,505,28470.35,1095.21322,54169.73,1935.6749
95,372,434,11906.68,316.14498,29950.52,763.92398
1685,229,12,15833.670000000002,519.928,20573.66,658.0708000000001
1977,85,158,11906.109999999997,533.54378,44196.65999999999,1571.34778
1647,273,160,17575.7,647.96462,51748.509999999995,1574.4484200000002
1649,381,385,50301.98,1539.06432,103104.54000000001,2851.012
757,76,301,10895.39,315.47393999999997,30604.109999999997,954.56782
389,500,234,16052.809999999998,500.36068000000006,39474.380000000005,1199.4539
1646,379,233,30870.260000000002,1104.4142,84949.14,2731.6925
86,26,250,7807.5700000000015,112.99598,18040.71,466.12502000000006
991,419,215,21946.96,782.1169999999998,68286.54000000001,1998.3270400000001
656,494,70,11150.52,440.58558000000005,29646.510000000002,1056.56554
1694,310,246,26503.890000000003,954.7585400000002,69130.06,2157.6891200000005
937,356,112,12600.72,451.64036,33641.31,1110.3692800000001
595,263,449,17397.379999999997,647.1834,45722.5,1362.5309199999997
375,155,17,6236.54,166.82479999999998,16483.690000000002,457.71098
1630,498,72,18741.4,657.68006,43411.780000000006,1310.1902799999998
1448,24,389,12589.7,425.5286,36523.37,1176.6613200000002
1880,401,270,41407.380000000005,1356.06266,120093.12,3431.00254
53,83,156,5817.89,93.18368000000001,16445.860000000004,447.7679
52,467,363,8990.48,264.45709999999997,31961.53,740.92738
949,466,248,23606.550000000007,807.7664400000001,72678.63,2038.79202
807,341,130,14116.179999999998,475.50694000000004,41580.11,1266.5967600000001
213,68,137,7299.18,169.23082,18326.95,506.69130000000007
1952,71,80,7947.99,289.62093999999996,25159.81,790.96204
1957,77,119,11265.880000000001,388.4689199999999,34291.84999999999,1014.83102
207,201,122,5739.12,185.65898,25216.010000000002,620.7306
1523,107,412,18544.3,625.2492,52380.24,1609.9655200000002
1506,59,396,16104.1,460.18823999999995,44254.0,1394.40452
612,208,239,12412.74,450.98564,33826.130000000005,1012.7817399999998
959,98,309,11337.85,391.40684000000005,34941.299999999996,1107.4043
1001,326,29,7852.789999999999,263.88868,18059.03,638.4701400000001
864,348,56,14116.810000000001,316.1812,27091.590000000004,822.8094799999999
616,500,210,19294.960000000003,666.66776,50520.45,1421.72942
1761,452,83,22852.17,813.5597599999999,54609.81,1625.6861600000002
612,232,248,11704.09,473.85606000000007,32941.15999999999,1063.33422
1789,194,347,26257.9,904.6901599999999,71382.88999999998,2097.1530999999995
764,54,454,10998.52,356.0312,32113.530000000006,1043.7696600000002
1179,357,144,12144.18,553.23382,49515.270000000004,1358.0189
303,59,6,3341.66,60.50523999999999,8532.68,315.46854
1139,436,193,24190.609999999997,815.4743999999998,59967.48000000002,1738.8310199999996
317,472,203,14245.529999999999,412.61258,34981.060000000005,1004.0427999999999
576,139,303,10614.6,376.03474,30551.07,978.7709799999999
1925,484,255,51628.89,1633.74314,145983.55,4315.028
995,265,450,26750.48,887.9347,62595.090000000004,1830.4824
1167,12,255,10040.289999999999,352.10857999999996,28202.460000000003,931.96204
1879,414,279,45621.8,1494.1982,122600.97000000002,3574.50438
83,294,83,5973.490000000001,137.87276,19133.87,527.3573600000001
872,317,505,27663.51,974.3092,64675.11,1833.7664199999995
1706,458,173,33380.61,1088.5017199999998,86891.26,2523.20654
1804,509,19,14113.12,472.3080800000001,33312.87,1006.1954400000001
1983,142,33,10194.07,331.95595999999995,23073.64,760.6572399999999
215,213,179,10870.36,222.06762000000003,28806.639999999996,773.5287199999999
598,93,192,8978.82,254.55218,25196.510000000002,750.22794
1502,488,56,15346.610000000004,513.2733999999999,41847.520000000004,1286.09516
1316,452,459,55297.7,1762.1550200000001,98498.90000000001,2841.9898200000002
1975,129,75,12254.6,428.42112,28048.659999999996,906.2116399999999
1393,306,256,23636.469999999998,818.4392799999999,64801.43999999999,1926.2962200000002
1078,259,79,12615.380000000001,420.41579999999993,28613.82,932.4843000000001
163,72,212,8172.0199999999995,189.59384,23018.1,637.4410399999999
1322,353,132,19263.87,620.26946,50190.23,1351.56166
634,448,69,14335.310000000001,401.1972,28019.29,849.73866
345,76,504,11748.650000000001,301.2731,25624.329999999998,770.83076
762,158,273,8999.59,417.3263999999999,37371.11,1096.60406
417,280,39,7321.18,198.86592000000002,19142.44,580.9583399999999
