batch_size,k_side_length,stride,in_chan,im_side_length,for_energy,for_time,back_energy,back_time
1660,7,1,8,51,15165635.65,403374.02384,0.0,0.0
872,3,2,13,80,3861796.16,92006.95109999999,0.0,0.0
466,6,1,27,75,29360707.830000002,669706.57116,0.0,0.0
1386,6,1,9,59,16884506.349999998,443131.21651999996,0.0,0.0
1027,5,1,25,64,34529600.34,770360.8216,0.0,0.0
708,9,3,24,93,11718378.9,260747.54018,0.0,0.0
132,7,2,8,61,485596.2799999999,15093.75734,0.0,0.0
1166,8,2,24,67,17570935.32,390683.80478,0.0,0.0
491,7,3,4,69,525034.67,17716.27454,0.0,0.0
47,3,2,18,96,441265.32999999996,12642.753760000001,0.0,0.0
322,8,3,31,57,2036509.67,45696.490199999986,0.0,0.0
257,6,2,29,89,6533407.359999999,154111.49226,0.0,0.0
1623,4,3,12,83,4439219.589999999,102902.48194,0.0,0.0
1368,2,1,13,80,13540595.77,312380.17442000005,0.0,0.0
1325,2,3,25,96,5687073.4799999995,130349.05384,0.0,0.0
1099,2,2,19,57,2425151.9099999997,56634.5181,0.0,0.0
1046,3,3,30,98,7549030.95,165973.32926,0.0,0.0
903,2,3,16,58,797032.87,18479.4768,0.0,0.0
384,2,3,7,74,260864.82,5663.83258,0.0,0.0
258,9,3,26,59,1650818.4899999998,40444.74957999999,0.0,0.0
1090,5,1,14,68,23079655.21,545964.14856,0.0,0.0
1396,8,2,19,74,21569962.5,465464.19591999997,0.0,0.0
1043,7,2,20,72,13098150.68,312988.65056,0.0,0.0
261,8,2,24,98,9128866.379999999,216920.05338000003,0.0,0.0
1953,5,3,8,58,1993691.15,63237.20505999999,0.0,0.0
603,9,3,12,72,2775746.02,69311.09391999998,0.0,0.0
260,8,2,9,57,988213.4,29260.84472,0.0,0.0
1886,3,1,4,96,12132528.760000002,325139.42168,0.0,0.0
390,5,3,17,76,1493469.6600000001,34597.982860000004,0.0,0.0
1307,3,3,29,55,2851041.88,63297.88656,0.0,0.0
1478,3,1,3,94,7279757.38,190699.16808,0.0,0.0
1680,3,2,15,61,5051924.35,122849.13639999999,0.0,0.0
730,9,2,26,92,27222742.2,583071.3964399999,0.0,0.0
1975,4,1,5,75,13483594.040000001,349024.11673999997,0.0,0.0
1708,8,2,26,54,17572310.990000002,396629.49288,0.0,0.0
86,2,2,15,69,231387.36999999997,6127.8575,0.0,0.0
1418,7,1,29,92,170371231.32,3428479.5232,0.0,0.0
62,9,1,5,84,1617579.54,43936.969560000005,0.0,0.0
1562,6,3,30,57,7737759.720000001,182134.99539999999,0.0,0.0
1706,9,1,11,91,103695399.78999999,2136528.1514,0.0,0.0
167,8,3,17,64,855692.43,21819.050440000003,0.0,0.0
293,3,1,14,75,4336121.109999999,99487.08734,0.0,0.0
943,7,1,3,53,3905543.6100000003,104090.83488,0.0,0.0
1716,4,3,4,60,749014.8799999999,24876.388000000003,0.0,0.0
250,7,1,27,56,9946515.709999999,233041.025,0.0,0.0
277,8,3,21,85,2769593.7600000002,65592.72204,0.0,0.0
898,6,3,14,66,2643765.7700000005,63577.068060000005,0.0,0.0
391,9,3,9,69,1315214.53,33564.79344000001,0.0,0.0
1159,9,1,15,52,26336949.8,640294.0074599999,0.0,0.0
940,5,3,7,61,927549.43,30635.48412,0.0,0.0
1106,9,1,14,96,96265901.64000002,1990269.3200799997,0.0,0.0
61,3,3,5,57,29504.930000000004,918.29216,0.0,0.0
1591,6,2,10,61,6213667.6,160729.33718,0.0,0.0
1768,2,3,29,80,6125217.460000001,128177.2527,0.0,0.0
676,9,2,6,75,4360076.75,111881.16003999999,0.0,0.0
1919,7,2,31,97,72412807.77000001,1480846.39288,0.0,0.0
1396,7,2,15,71,13294439.209999997,308503.26136,0.0,0.0
700,5,2,28,69,8254092.610000001,193046.56708,0.0,0.0
35,8,3,10,50,57406.42,1788.1855600000004,0.0,0.0
1523,9,1,20,83,135945765.84,2757642.79968,0.0,0.0
1831,6,2,6,81,7669786.88,198495.30336,0.0,0.0
380,9,3,6,72,886399.7600000001,27011.3936,0.0,0.0
426,6,3,23,76,2716597.62,67135.45242,0.0,0.0
1952,6,3,12,57,3598024.1700000004,91268.51148000002,0.0,0.0
1596,5,3,12,62,2885945.9699999997,73234.42929999999,0.0,0.0
729,7,3,10,96,3749581.5,87976.80978000001,0.0,0.0
307,5,3,3,51,104022.56999999998,3226.01672,0.0,0.0
751,8,1,30,58,40267424.419999994,877157.83948,0.0,0.0
88,5,1,26,51,2058017.7599999998,57040.90924000001,0.0,0.0
1128,2,2,5,80,1343023.87,42040.44986,0.0,0.0
958,4,1,31,88,55610100.60999999,1142326.1656,0.0,0.0
822,7,3,28,91,11419860.91,249665.94116,0.0,0.0
976,6,1,15,58,18715400.09,466320.37296,0.0,0.0
727,2,2,3,95,678703.67,21390.56574,0.0,0.0
426,2,1,28,57,4533597.99,106393.92714,0.0,0.0
1945,2,2,15,82,6994479.2,157295.51454,0.0,0.0
1538,9,1,10,77,58890708.65,1260108.7645,0.0,0.0
931,5,1,9,58,9388417.700000001,250255.40754,0.0,0.0
477,2,3,16,60,511896.9000000001,11561.91388,0.0,0.0
506,6,3,19,73,2484183.6799999997,59508.64312,0.0,0.0
1942,9,3,9,91,11060137.69,258229.68407999998,0.0,0.0
771,2,1,11,88,7836426.470000001,198029.47782,0.0,0.0
605,6,2,9,79,3597545.6799999997,88309.50463999997,0.0,0.0
306,9,3,31,63,2730535.6900000004,67402.3843,0.0,0.0
1167,3,3,29,62,3125253.93,68779.86789999998,0.0,0.0
1048,3,2,26,56,4121637.38,96220.54164,0.0,0.0
1609,8,1,21,50,43079448.4,953498.4102399999,0.0,0.0
127,8,2,5,73,491684.5500000001,15296.38682,0.0,0.0
379,2,1,15,69,3399835.7600000002,76087.35106,0.0,0.0
874,8,2,11,74,7480895.13,188798.69282,0.0,0.0
692,3,1,17,72,10915627.540000001,269782.99646,0.0,0.0
1455,4,3,14,81,4195914.55,97777.2826,0.0,0.0
1461,9,1,16,87,115862910.77000003,2379402.0666799997,0.0,0.0
33,3,3,9,87,55178.71,1567.7758,0.0,0.0
1971,4,1,22,88,80857297.29999998,1656937.5251200001,0.0,0.0
876,5,1,4,78,7410336.2299999995,207419.63076000003,0.0,0.0
1138,4,3,6,97,1989130.6099999999,47193.05099999999,0.0,0.0
1038,6,3,7,73,1916718.7400000002,47615.167400000006,0.0,0.0
1481,4,3,17,81,5229799.26,123048.44791999999,0.0,0.0
275,5,1,9,53,2161559.9999999995,56440.51632000001,0.0,0.0
902,3,1,18,56,8789757.170000002,224981.78578000003,0.0,0.0
1786,7,3,13,84,9466990.560000002,217163.92251999996,0.0,0.0
1975,4,3,9,79,3698392.06,83649.9471,0.0,0.0
1801,6,2,30,96,54940810.25,1140059.38028,0.0,0.0
1462,9,2,14,73,18139327.88,410397.87598,0.0,0.0
1457,4,1,29,72,52527689.010000005,1098384.2839000002,0.0,0.0
176,4,3,7,96,389382.51999999996,10299.612299999999,0.0,0.0
1768,4,1,17,94,64538554.81,1339091.92352,0.0,0.0
1069,8,3,16,79,6754595.090000001,159195.85850000003,0.0,0.0
1508,5,3,19,88,8885408.2,211000.97196,0.0,0.0
804,6,1,10,85,23457765.81,581907.02784,0.0,0.0
367,9,3,3,76,483141.47999999986,16320.925879999999,0.0,0.0
1321,5,3,3,59,569975.34,19285.16976,0.0,0.0
692,7,1,25,81,55524071.67999999,1178888.5464,0.0,0.0
510,7,3,7,91,1786555.5099999998,42793.61682,0.0,0.0
153,3,1,26,99,6972764.74,162714.29861999996,0.0,0.0
1692,4,1,15,97,58486832.08999999,1234717.77022,0.0,0.0
51,7,1,12,90,2642278.9200000004,78134.24266000002,0.0,0.0
1482,4,1,17,56,17729306.47,433183.0124199999,0.0,0.0
190,6,3,9,88,721249.3600000001,19754.914780000003,0.0,0.0
1402,8,3,5,67,2084370.3400000003,64039.09576,0.0,0.0
1695,5,3,3,94,1837505.67,57726.55077999999,0.0,0.0
1316,8,2,23,96,42292905.010000005,890643.7914799999,0.0,0.0
1494,6,3,21,90,13021920.470000003,287374.58256,0.0,0.0
2021,3,1,24,99,84441105.19000001,1751660.22916,0.0,0.0
999,5,3,3,87,992787.9299999999,30453.291559999994,0.0,0.0
775,8,2,3,70,1664193.1699999997,46583.91238,0.0,0.0
305,5,1,31,53,8729106.65,200041.54360000003,0.0,0.0
260,4,3,13,83,770172.05,18863.008680000003,0.0,0.0
1066,5,1,26,74,50364003.769999996,1048581.9513,0.0,0.0
1971,5,1,21,88,108127232.42999999,2223560.3788800007,0.0,0.0
359,2,3,9,75,322848.23000000004,7314.120039999999,0.0,0.0
1240,5,2,18,55,5744747.89,130049.91706,0.0,0.0
870,6,2,13,65,4879990.6,122883.00355999998,0.0,0.0
281,4,2,8,55,450077.58999999997,14232.935659999997,0.0,0.0
855,2,3,22,64,1370103.93,30543.268900000003,0.0,0.0
1015,2,2,24,54,2713460.45,62307.72246,0.0,0.0
1548,6,3,23,79,10841120.33,245720.61301999996,0.0,0.0
376,9,2,13,79,5186608.39,125638.69854000001,0.0,0.0
430,6,1,13,66,9999152.209999999,237888.60978,0.0,0.0
710,3,2,20,85,5229187.649999999,122991.33022000003,0.0,0.0
392,5,1,30,65,16173966.110000003,387708.2039,0.0,0.0
128,2,2,5,91,195182.62,5296.45984,0.0,0.0
686,8,3,10,60,1633790.36,41413.13495999999,0.0,0.0
989,8,1,16,88,70550091.69000001,1476326.9854399997,0.0,0.0
1725,3,1,23,65,28480503.26,632000.16384,0.0,0.0
247,6,2,26,72,3505764.97,84286.50397999998,0.0,0.0
1613,9,1,4,54,10846056.170000002,294541.93284,0.0,0.0
258,5,3,9,82,679971.4200000002,17184.177880000003,0.0,0.0
888,2,1,27,91,23101642.55,506302.8258799999,0.0,0.0
997,2,1,6,94,6520129.2299999995,169565.54572,0.0,0.0
683,4,2,28,56,4001377.06,95799.7396,0.0,0.0
794,2,2,17,64,2024455.9299999997,46545.675279999996,0.0,0.0
1092,5,3,17,87,5775460.679999999,126671.20384000002,0.0,0.0
1025,3,1,18,74,17128570.689999998,409822.3027400001,0.0,0.0
135,5,3,19,60,416737.15,12236.1476,0.0,0.0
250,7,2,8,62,877926.79,25618.355560000004,0.0,0.0
1186,3,2,9,55,1546532.9400000002,48335.68142,0.0,0.0
1648,7,3,28,88,21420341.32,453851.39116,0.0,0.0
98,6,3,7,70,183660.38999999998,5231.8432999999995,0.0,0.0
1125,2,1,31,73,22084206.79,470963.53728,0.0,0.0
1953,3,3,14,81,4698108.720000001,104497.21398,0.0,0.0
2037,6,2,24,60,18562069.73,403580.86098,0.0,0.0
55,6,3,14,96,422195.54000000004,12314.41838,0.0,0.0
826,2,2,31,90,7674376.67,160714.10772,0.0,0.0
581,5,3,6,71,754142.3500000001,24220.8654,0.0,0.0
80,2,2,10,79,171205.62,4941.11852,0.0,0.0
1561,4,1,19,92,60699832.36999999,1250147.65926,0.0,0.0
1502,9,1,6,94,54046113.470000006,1167762.5655599998,0.0,0.0
290,8,1,15,96,23942801.220000006,548615.7710200001,0.0,0.0
983,8,1,30,85,120305559.38,2445598.5745999995,0.0,0.0
935,8,1,29,79,94851775.05000001,1944995.1091199997,0.0,0.0
1957,3,1,12,54,11759929.020000001,298229.7048400001,0.0,0.0
584,2,2,20,91,3534154.8199999994,79468.91266,0.0,0.0
1172,7,2,16,86,17045008.279999997,389895.3514,0.0,0.0
292,6,1,18,73,11845168.029999997,274670.3063,0.0,0.0
714,3,3,8,51,373166.7,12173.815460000002,0.0,0.0
1681,4,1,13,77,30461434.57,680933.61566,0.0,0.0
1529,7,2,20,89,31415455.470000006,669547.04412,0.0,0.0
488,5,3,17,65,1410578.1,33215.97942,0.0,0.0
1172,3,3,7,78,1189707.67,28209.03602,0.0,0.0
1678,5,3,4,81,1832180.28,55398.153759999994,0.0,0.0
83,7,1,4,78,916699.89,23458.60744,0.0,0.0
708,9,1,4,76,10507741.000000002,277970.05739999993,0.0,0.0
1011,6,1,19,70,37888644.980000004,846834.6139800001,0.0,0.0
1274,3,1,20,85,31712357.130000003,690666.0414600001,0.0,0.0
1334,2,1,30,95,42695258.09,894643.93668,0.0,0.0
1313,6,2,25,80,22917081.26,490409.18502000003,0.0,0.0
769,9,2,28,54,9059934.129999999,221338.97136,0.0,0.0
1901,2,2,20,90,11505264.72,249201.92472000007,0.0,0.0
1181,6,3,31,75,10408607.379999999,229103.65496,0.0,0.0
1162,7,3,24,59,5416560.249999999,136337.69208,0.0,0.0
1046,9,1,19,50,28016013.52,652284.3437000001,0.0,0.0
339,3,3,18,63,638102.57,14713.662939999998,0.0,0.0
573,3,2,6,87,1276538.5099999998,27856.477099999996,0.0,0.0
743,9,1,9,97,42583394.39,976853.63776,0.0,0.0
2018,8,1,24,80,-2448283152.56,3523285.5183200003,0.0,0.0
1377,3,3,27,85,6726735.040000001,153557.52501999997,0.0,0.0
249,5,3,16,94,1346716.5799999998,32752.803699999997,0.0,0.0
1188,5,3,22,58,3350250.82,78844.62221999999,0.0,0.0
858,6,3,11,76,2701907.09,66609.83954,0.0,0.0
1827,7,2,17,68,17154566.65,387128.83122,0.0,0.0
626,3,1,11,91,10251874.4,266035.03219999996,0.0,0.0
1724,9,1,21,56,67032966.3,1407417.0951200002,0.0,0.0
1031,4,2,10,56,2151590.54,64632.18568000001,0.0,0.0
1334,4,3,13,98,5570784.08,125586.42128000004,0.0,0.0
82,3,1,19,63,1139722.94,30625.803460000003,0.0,0.0
974,3,3,25,73,3149894.92,68370.82396,0.0,0.0
148,8,1,7,95,5511223.72,155267.95046000002,0.0,0.0
555,9,1,22,55,22084798.779999997,501564.92248,0.0,0.0
472,9,1,28,90,71684445.46000001,1511252.3468400002,0.0,0.0
1988,6,1,27,90,179385459.90000004,3633827.1155200005,0.0,0.0
1776,4,2,24,82,19541137.69,415023.739,0.0,0.0
1976,8,3,3,55,1118343.11,36464.89462,0.0,0.0
166,8,1,18,82,11747694.529999997,280898.20608000003,0.0,0.0
488,8,3,5,57,508701.05999999994,17390.37958,0.0,0.0
935,9,1,19,92,99958846.88,2074778.01666,0.0,0.0
564,8,1,15,69,22703427.01,529488.7660599999,0.0,0.0
1550,2,1,3,79,3800405.9300000006,100930.3678,0.0,0.0
758,8,3,24,62,4538889.74,110919.32232,0.0,0.0
1735,4,1,27,81,73209492.72999999,1493402.96658,0.0,0.0
1540,7,1,24,73,93343353.55999999,1915829.74058,0.0,0.0
1559,8,1,14,66,52003810.35,1111470.91416,0.0,0.0
1605,4,2,29,70,15397356.809999999,340651.34192000004,0.0,0.0
736,5,1,11,76,15688465.679999998,398963.3629,0.0,0.0
1624,7,2,25,95,47341774.489999995,979909.64106,0.0,0.0
698,3,3,3,72,300243.45,9120.7702,0.0,0.0
1171,7,1,5,80,17994929.46,463589.07009999995,0.0,0.0
691,3,2,22,64,3086208.5100000002,68725.33942,0.0,0.0
1350,8,1,5,90,30445233.939999998,741012.4623800002,0.0,0.0
1877,2,1,15,91,27377823.610000003,605029.66062,0.0,0.0
130,5,2,26,74,1673978.9,45786.64146,0.0,0.0
93,8,3,15,58,347651.74,10017.697339999999,0.0,0.0
1397,3,3,18,94,5639070.04,127803.82148,0.0,0.0
1069,3,3,28,88,5821092.21,125937.84041999998,0.0,0.0
1026,2,3,8,55,425958.99000000005,12822.745859999999,0.0,0.0
572,4,3,22,94,3668750.9899999998,83419.24706,0.0,0.0
1339,4,2,9,72,4198504.26,107266.24362000001,0.0,0.0
293,6,2,14,62,1658500.4000000001,42513.82429999999,0.0,0.0
244,8,1,24,95,31110684.520000003,681568.94294,0.0,0.0
707,8,1,31,89,98880440.85000002,2008477.25678,0.0,0.0
1044,2,1,28,97,32332155.369999997,693651.58472,0.0,0.0
1844,2,1,5,67,5562386.32,152105.4502,0.0,0.0
1464,2,2,14,92,6497520.06,148232.43716,0.0,0.0
894,5,3,16,52,1534115.27,36823.144080000005,0.0,0.0
341,5,3,31,87,3194964.44,75439.61188,0.0,0.0
1920,8,3,17,69,10167949.41,231774.83544,0.0,0.0
961,3,2,25,85,9059208.420000002,196052.44374,0.0,0.0
2004,9,1,28,65,144015554.75999996,2931033.2953199996,0.0,0.0
194,9,2,16,84,3809287.7199999997,103228.17638,0.0,0.0
1688,6,1,3,76,12372763.669999998,332311.14858,0.0,0.0
628,5,1,6,75,7736517.7,188365.91309999998,0.0,0.0
163,4,3,23,99,1167355.8800000001,28448.12666,0.0,0.0
514,6,1,19,75,22828806.3,531541.74686,0.0,0.0
1288,8,3,4,70,1675740.3900000001,51566.22461999999,0.0,0.0
240,4,1,15,93,7539388.010000001,173687.19182,0.0,0.0
1428,7,1,14,55,27123072.03,641448.15226,0.0,0.0
426,6,1,23,52,10183046.399999999,250964.88668000005,0.0,0.0
1312,2,3,29,87,5119978.37,115422.46177999998,0.0,0.0
1009,2,1,17,77,11736553.76,285310.74902,0.0,0.0
1624,5,1,10,89,43557570.39,948481.04824,0.0,0.0
1760,2,1,7,64,6601126.94,183501.11062,0.0,0.0
1372,6,1,14,93,69555479.28,1453310.93868,0.0,0.0
1560,8,1,10,97,85614540.35999998,1781091.0069599997,0.0,0.0
1018,9,1,26,88,134354638.35,2738233.49694,0.0,0.0
653,7,1,6,82,13641218.75,334470.40162,0.0,0.0
985,5,3,24,58,3041939.8800000004,73164.56827999999,0.0,0.0
42,7,3,28,52,186994.06,4975.95852,0.0,0.0
2046,5,3,30,50,6134820.069999999,143362.74008000002,0.0,0.0
383,9,3,29,65,3252489.23,81199.98888,0.0,0.0
583,6,1,30,79,-2576246733.7200003,975574.8424400002,0.0,0.0
1104,9,3,27,81,15435481.670000002,335794.73341999995,0.0,0.0
920,7,3,11,79,3809929.829999999,93407.57235999999,0.0,0.0
2021,5,3,23,91,15821974.84,341369.20954,0.0,0.0
490,2,2,14,61,853925.97,19388.88722,0.0,0.0
1879,6,1,30,98,229724662.2,4746565.288760001,0.0,0.0
964,5,1,13,84,29180959.18,677348.23242,0.0,0.0
856,8,1,28,57,41099645.71,900075.76268,0.0,0.0
1009,8,1,5,78,17087677.2,449840.84496,0.0,0.0
1045,5,1,5,80,11363545.12,305185.99977999995,0.0,0.0
664,5,2,9,57,1661236.6199999999,48670.796539999996,0.0,0.0
63,9,2,7,53,182283.50999999998,6482.829360000001,0.0,0.0
1407,8,2,29,73,30696642.52,654600.21768,0.0,0.0
1770,7,1,14,60,41507124.06,918871.8515199998,0.0,0.0
538,6,1,22,70,23488556.16,559343.66024,0.0,0.0
966,4,3,24,58,2594059.59,59985.91523999999,0.0,0.0
739,2,3,4,77,322244.76,9690.319780000002,0.0,0.0
942,7,1,13,53,15525662.780000001,386038.15708000003,0.0,0.0
1988,7,3,30,89,27652856.369999997,585018.44888,0.0,0.0
1229,9,1,10,98,79717732.94,1674404.19244,0.0,0.0
623,3,3,7,92,865188.8299999998,20498.87342,0.0,0.0
374,9,2,3,93,1638336.34,43688.36196000001,0.0,0.0
371,4,3,16,70,947783.1899999998,21995.099019999998,0.0,0.0
689,2,2,3,63,280126.92000000004,8994.534459999999,0.0,0.0
297,3,3,14,84,714365.23,17575.68934,0.0,0.0
1399,3,2,21,67,6817440.409999999,157199.91291999997,0.0,0.0
1527,5,2,21,51,7108828.210000001,174226.8388,0.0,0.0
1788,6,2,12,89,18095946.08,411687.2635,0.0,0.0
1683,8,3,16,83,12426775.480000002,296276.5905,0.0,0.0
910,5,1,8,74,13350830.08,350522.04046,0.0,0.0
1782,2,3,19,59,2209568.27,52350.114539999995,0.0,0.0
1872,9,3,3,64,1732225.23,51538.618,0.0,0.0
1174,7,1,23,54,34668824.79,792823.1034799999,0.0,0.0
806,3,3,22,73,2486965.62,58177.45234,0.0,0.0
137,7,2,22,96,3561489.8899999997,91952.3179,0.0,0.0
745,3,2,11,94,3816516.71,96189.29857999999,0.0,0.0
1270,5,2,18,55,5835210.87,143373.44721999997,0.0,0.0
871,6,1,14,75,27846843.93,651547.94362,0.0,0.0
1001,2,1,19,70,11116204.530000001,271853.09738000005,0.0,0.0
1566,7,1,24,81,118657157.85,2431597.50276,0.0,0.0
1040,8,2,15,93,19974563.169999994,433113.2295999999,0.0,0.0
1661,7,2,19,98,38607410.349999994,811040.7205399999,0.0,0.0
745,5,3,10,76,1648468.74,39376.97408,0.0,0.0
587,4,2,29,57,3483845.5100000002,82344.94892000001,0.0,0.0
732,7,1,29,57,31289050.74,701717.6216600001,0.0,0.0
624,9,2,3,95,3037545.9400000004,86174.14207999999,0.0,0.0
1384,7,2,15,90,21170266.919999998,462466.9694,0.0,0.0
1080,7,3,21,75,6966959.039999999,155297.77210000003,0.0,0.0
509,6,1,30,92,54411882.8,1144029.64048,0.0,0.0
242,5,3,18,77,1109278.1300000001,27852.70042,0.0,0.0
637,6,2,20,82,9273408.84,215774.61187999998,0.0,0.0
170,3,2,26,94,1932978.4700000002,44647.68892,0.0,0.0
1471,8,2,8,60,6056100.8100000005,185733.47744,0.0,0.0
562,8,1,17,75,30247763.810000002,701324.12078,0.0,0.0
754,7,1,18,60,22535744.339999996,547648.7989599999,0.0,0.0
580,2,2,28,52,1639462.31,38414.977100000004,0.0,0.0
1635,6,3,27,58,7076877.68,163427.90270000004,0.0,0.0
623,9,3,15,50,1621512.6,39972.59322,0.0,0.0
710,6,2,11,73,4465878.39,108404.02479999998,0.0,0.0
1081,9,2,22,62,14041671.189999998,324391.57026000007,0.0,0.0
1991,5,1,26,69,80490329.81,1652010.53598,0.0,0.0
2029,4,2,10,88,10672339.000000002,253237.75584,0.0,0.0
1398,2,3,4,71,513363.05,15437.34436,0.0,0.0
1734,5,1,11,62,23119108.330000002,557564.64624,0.0,0.0
1779,2,3,30,79,5895235.79,130521.21446,0.0,0.0
1212,3,1,9,98,18061728.05,422944.30309999996,0.0,0.0
162,2,1,19,93,3321157.2600000002,79424.83802,0.0,0.0
1187,6,1,16,62,28356658.4,679622.2552400001,0.0,0.0
1690,7,2,6,58,4092374.1300000004,119970.21312,0.0,0.0
180,4,3,15,57,295568.02,7976.2518,0.0,0.0
767,7,2,6,93,5195130.100000001,123330.59342,0.0,0.0
1341,9,3,3,57,993798.1,31174.971240000003,0.0,0.0
993,2,1,9,77,6388384.540000001,166696.95804,0.0,0.0
482,6,3,31,70,3377715.9799999995,78011.37984000001,0.0,0.0
967,9,1,19,56,34309162.58,782749.30764,0.0,0.0
484,6,1,15,54,8367472.51,194684.99652,0.0,0.0
1615,2,2,21,95,11051976.070000002,243254.99744,0.0,0.0
51,9,1,3,72,514412.16000000003,16336.69644,0.0,0.0
316,3,2,9,50,372792.58,11487.46234,0.0,0.0
690,9,3,31,58,5014702.109999999,119984.33312,0.0,0.0
469,2,2,23,97,3627614.04,82332.82359999999,0.0,0.0
475,4,3,4,66,266519.71,8590.518979999999,0.0,0.0
579,8,2,21,81,11474768.049999999,263155.80045999994,0.0,0.0
562,4,1,13,75,10187263.96,241264.2118,0.0,0.0
1333,2,2,15,98,6924891.35,159849.40798,0.0,0.0
1156,6,1,18,93,75019524.75,1551785.1586799999,0.0,0.0
1410,8,3,17,87,12123958.85,279595.69304,0.0,0.0
569,8,3,29,84,7779389.890000001,177627.73856000003,0.0,0.0
555,4,1,25,85,23898077.82,542763.9804,0.0,0.0
1143,8,3,5,57,1194202.8699999999,38908.235380000006,0.0,0.0
580,4,2,3,68,536325.5,17968.88864,0.0,0.0
749,3,2,30,82,7559269.67,169320.28228,0.0,0.0
920,5,2,30,96,22327201.160000004,467273.45363999996,0.0,0.0
1567,5,3,8,94,4589940.639999999,116471.98159999998,0.0,0.0
397,7,1,28,94,48955795.690000005,1073515.7511200001,0.0,0.0
324,8,2,10,85,3460603.94,84979.08206,0.0,0.0
515,5,3,30,58,1995754.8299999996,46807.012059999994,0.0,0.0
1127,4,3,20,81,4631390.11,102234.41612,0.0,0.0
1405,4,1,15,66,21063139.490000002,482008.34526000003,0.0,0.0
730,5,2,19,50,2700776.8,63977.758799999996,0.0,0.0
1414,4,3,11,81,3175267.13,75810.81185999999,0.0,0.0
1199,7,2,15,64,8726231.35,215805.464,0.0,0.0
1527,5,1,29,59,49727017.480000004,1036977.7646600001,0.0,0.0
1143,6,2,3,73,1981840.5899999999,57812.09683999999,0.0,0.0
871,2,2,31,60,3650271.38,85175.22836000001,0.0,0.0
1078,7,1,4,57,6638762.91,186743.43116,0.0,0.0
902,4,3,24,90,5570875.01,117329.98114,0.0,0.0
374,6,2,18,55,2086416.8199999998,52623.20512,0.0,0.0
752,8,2,9,90,8324111.38,201668.12338000003,0.0,0.0
1417,9,1,18,73,86235754.56000002,1795669.5967600003,0.0,0.0
930,2,2,17,79,3531059.0800000005,84674.88766000001,0.0,0.0
1964,4,2,27,84,25465148.369999997,542692.99974,0.0,0.0
79,3,3,5,57,30494.340000000004,1133.2084799999998,0.0,0.0
1971,9,1,24,62,108945506.67,2233881.3685799995,0.0,0.0
917,3,1,5,89,6859441.65,179921.96734,0.0,0.0
1928,2,2,4,80,1943450.9300000002,56049.41058,0.0,0.0
1424,5,3,4,59,818426.8200000001,27560.730539999997,0.0,0.0
1312,3,3,9,93,2771837.3500000006,65770.7036,0.0,0.0
1256,5,2,11,69,5747249.68,142072.46503999998,0.0,0.0
81,4,2,4,61,75043.76,2745.3363,0.0,0.0
1765,4,1,23,54,27356853.779999994,602697.9293600001,0.0,0.0
637,8,2,7,95,5922561.17,145336.38424,0.0,0.0
1271,6,2,14,96,18052956.680000003,402005.05240000004,0.0,0.0
450,3,3,19,62,767294.77,17639.793360000003,0.0,0.0
605,6,2,19,88,9773052.41,238521.29182,0.0,0.0
1720,4,2,29,56,10610449.610000001,242804.23348,0.0,0.0
497,6,2,8,86,3247606.3600000003,79397.07394,0.0,0.0
1428,6,1,12,80,45590444.15,991346.66886,0.0,0.0
837,2,1,22,56,6943744.459999999,170137.99401999998,0.0,0.0
398,6,2,25,80,6935491.3100000005,163060.1929,0.0,0.0
1688,7,2,25,54,14002881.620000001,329634.30208000005,0.0,0.0
466,9,3,16,59,1822804.1300000001,44504.72942,0.0,0.0
282,2,2,29,66,1270895.1199999999,28721.058999999997,0.0,0.0
1580,4,2,7,65,3153857.8899999997,90244.4015,0.0,0.0
625,7,3,17,66,2445098.04,56769.40965999999,0.0,0.0
1579,9,2,28,84,51619637.7,1081748.3935,0.0,0.0
1369,2,3,12,73,1542574.1700000002,33891.37086,0.0,0.0
1558,7,2,23,89,36595517.900000006,768776.5122000001,0.0,0.0
1564,7,1,28,67,91951162.92000002,1899028.90092,0.0,0.0
568,8,2,21,57,5196968.55,124448.88032,0.0,0.0
692,5,3,10,99,2726440.78,66399.78106,0.0,0.0
412,4,2,4,53,323080.80000000005,9925.695360000002,0.0,0.0
1830,8,3,24,73,15347228.13,337715.48211999994,0.0,0.0
1037,7,3,12,92,6147260.86,149585.16023999997,0.0,0.0
1468,9,1,31,72,147125826.29999998,2988916.9493000004,0.0,0.0
716,7,1,3,52,2613690.1800000006,68687.58641999999,0.0,0.0
2001,7,1,25,75,134232153.95999998,2741549.29078,0.0,0.0
1678,3,1,20,76,32583503.009999998,726106.05776,0.0,0.0
200,9,1,6,78,4883096.04,139540.12092,0.0,0.0
1599,9,1,17,79,108949788.2,2246695.71974,0.0,0.0
332,8,2,12,51,1310111.4,34612.5308,0.0,0.0
1049,2,3,30,99,5680775.87,117544.66037999999,0.0,0.0
143,9,2,13,55,965382.7300000002,28235.235919999996,0.0,0.0
926,3,1,13,63,8340400.359999999,207749.83114000002,0.0,0.0
124,9,3,12,67,529738.0199999999,15331.4472,0.0,0.0
798,6,2,14,66,5196752.470000001,125992.54608,0.0,0.0
1378,7,1,10,55,18220641.18,474863.49266,0.0,0.0
1897,3,3,4,93,1644166.3,38229.67474,0.0,0.0
100,3,1,31,58,2008688.7,53077.25942,0.0,0.0
374,7,3,13,87,2085213.1400000001,47809.66528,0.0,0.0
725,3,2,19,71,3645844.5799999996,86640.89113999999,0.0,0.0
1950,2,1,11,92,21185481.69,482917.1231000001,0.0,0.0
1366,8,1,27,92,178766873.23,3629419.9038000004,0.0,0.0
2008,3,2,20,97,19338920.310000002,415894.97080000007,0.0,0.0
1861,8,1,3,50,7084389.279999999,199540.91248,0.0,0.0
337,8,3,31,63,2802635.09,69813.19175999999,0.0,0.0
1921,6,3,4,83,2596021.8,78698.83466000001,0.0,0.0
1688,4,1,9,57,11760048.070000002,311741.86478,0.0,0.0
1812,9,2,11,61,11451703.45,289572.07925999997,0.0,0.0
1594,9,2,9,83,16630552.55,398374.1182399999,0.0,0.0
1929,3,2,20,63,7807905.429999998,181087.5211,0.0,0.0
283,8,1,24,53,9944489.309999999,237406.15485999998,0.0,0.0
1295,5,1,31,85,97267646.5,1999562.9039199997,0.0,0.0
920,3,3,22,55,1454393.8800000001,34394.751560000004,0.0,0.0
1098,2,3,26,55,1490139.62,34327.343160000004,0.0,0.0
674,3,3,6,96,879685.3200000001,19295.999879999996,0.0,0.0
721,5,1,21,89,40981354.42999999,891890.7108400001,0.0,0.0
1919,5,1,9,95,53651735.800000004,1140179.72482,0.0,0.0
634,4,1,10,91,12909774.77,326138.94296,0.0,0.0
773,5,2,15,63,3998080.5799999996,96914.20209999998,0.0,0.0
350,7,2,23,52,2558744.6500000004,63241.28866,0.0,0.0
1462,5,2,24,92,26451712.66,564509.3994400001,0.0,0.0
231,9,3,4,96,798120.56,21629.545140000002,0.0,0.0
1857,4,3,4,61,883030.55,29243.757120000002,0.0,0.0
1197,2,2,5,89,1739305.85,42835.50689999999,0.0,0.0
1842,9,3,25,89,28026023.160000004,600657.9132999999,0.0,0.0
140,4,1,12,66,1847287.7400000002,49257.77908000001,0.0,0.0
1243,3,3,20,62,2267054.8,50760.44444000001,0.0,0.0
1482,3,3,8,65,1162384.67,27321.75208,0.0,0.0
1659,7,2,22,76,26019727.1,556081.7729199999,0.0,0.0
490,4,2,13,67,1898464.3699999999,44297.82318000001,0.0,0.0
1588,5,3,8,99,5164576.63,119713.40890000001,0.0,0.0
517,2,3,3,86,199887.16,6407.66248,0.0,0.0
1638,4,1,29,66,48905352.64,1019493.7926,0.0,0.0
1765,2,1,13,50,7110360.230000001,198218.63999999998,0.0,0.0
1030,9,1,27,98,177877150.26,3612139.8139,0.0,0.0
672,5,1,29,83,45759068.65,972734.4759199999,0.0,0.0
137,7,1,10,93,6419881.76,171282.52684,0.0,0.0
1890,8,3,5,88,4717434.31,121739.35347999998,0.0,0.0
1864,8,2,22,90,49818692.01,1037711.56796,0.0,0.0
2005,2,1,11,87,19291176.759999998,445615.79316000006,0.0,0.0
1122,7,2,12,87,13154244.320000002,302964.0712,0.0,0.0
909,7,3,28,85,10992254.040000003,235621.69254000002,0.0,0.0
953,9,2,14,85,16335008.24,391345.40338000003,0.0,0.0
1986,7,3,8,80,5939443.43,146292.32156,0.0,0.0
1145,7,3,19,86,9305034.2,201624.46362,0.0,0.0
1611,7,2,14,95,26545066.94,570099.68146,0.0,0.0
1908,9,3,9,71,6144576.570000001,151745.74556,0.0,0.0
196,3,1,16,52,1555214.58,40895.062,0.0,0.0
1585,8,1,18,52,38978500.70999999,889760.94284,0.0,0.0
633,2,2,18,83,2851956.86,64176.31728,0.0,0.0
1465,4,1,20,73,37379559.45,802470.8192799999,0.0,0.0
1148,3,2,18,76,5890863.86,130865.89833999999,0.0,0.0
796,5,1,19,55,14680548.979999999,351506.54484000005,0.0,0.0
1645,8,2,7,76,9614731.809999999,244140.72457999998,0.0,0.0
1640,9,3,13,59,4809774.66,117132.71926000001,0.0,0.0
123,7,3,26,53,518247.55,14899.91606,0.0,0.0
587,2,3,7,86,513695.0399999999,11394.395719999999,0.0,0.0
486,4,2,5,86,1184919.42,28804.33726,0.0,0.0
1691,7,3,13,58,3964126.8199999994,97756.34534000001,0.0,0.0
1564,8,2,31,69,31985179.380000003,669600.54206,0.0,0.0
765,4,2,25,61,4603995.130000001,111092.6923,0.0,0.0
219,4,2,5,56,246531.97000000003,7689.495039999999,0.0,0.0
407,2,2,28,55,1197677.0399999998,28318.40096,0.0,0.0
50,4,1,28,59,1240967.83,35448.88484,0.0,0.0
193,6,1,25,90,16779667.14,382218.60046,0.0,0.0
1639,2,3,20,76,3324933.57,72125.21638000001,0.0,0.0
279,9,3,5,84,740285.56,17276.10732,0.0,0.0
1820,4,3,26,76,9169733.01,210718.35431999998,0.0,0.0
708,7,1,28,84,68602537.99000001,1437828.7999200001,0.0,0.0
733,3,2,14,79,3349364.6499999994,78966.9743,0.0,0.0
1267,6,1,27,79,87196001.11000001,1808055.1102800001,0.0,0.0
179,3,1,3,59,346144.73000000004,10553.17262,0.0,0.0
1141,9,2,20,65,15321523.929999998,365506.29202,0.0,0.0
921,7,2,28,56,9230725.91,214765.63048,0.0,0.0
950,8,1,31,63,63041716.580000006,1317762.7606200003,0.0,0.0
839,9,3,12,92,6440372.9399999995,157024.24169999998,0.0,0.0
223,8,2,28,66,3774457.4800000004,94905.56898,0.0,0.0
1989,9,3,26,91,33553890.569999993,707716.0798399999,0.0,0.0
1540,5,2,29,70,18648687.61,402539.24409999995,0.0,0.0
1005,7,3,8,71,2272934.18,54307.20908,0.0,0.0
1040,4,3,10,87,2477925.29,61924.77271999999,0.0,0.0
1281,7,2,22,63,13387980.24,311251.40994000004,0.0,0.0
1207,9,1,23,54,47467089.83,1044380.09574,0.0,0.0
539,6,2,22,58,4198077.06,102277.71882000001,0.0,0.0
196,9,1,16,50,4645484.34,129091.75107999999,0.0,0.0
1031,9,2,22,86,28010846.889999997,602942.7803,0.0,0.0
1062,6,3,8,56,1237032.3599999999,38681.157479999994,0.0,0.0
1467,3,1,20,53,14113415.970000003,332096.69482,0.0,0.0
2023,5,2,24,55,12529522.34,293146.33735999995,0.0,0.0
688,8,2,18,92,15330910.469999999,366129.71006,0.0,0.0
900,9,3,26,61,6043326.82,147943.25559999997,0.0,0.0
1433,4,3,26,72,6042078.659999999,137825.54626,0.0,0.0
1077,2,2,30,54,3486003.63,82634.54688000001,0.0,0.0
1709,7,2,10,55,6715207.38,199673.27916,0.0,0.0
103,9,2,22,52,947173.5100000001,28910.4337,0.0,0.0
1462,4,3,5,60,803671.07,26696.923219999997,0.0,0.0
1643,9,2,28,51,17865272.25,408813.55566,0.0,0.0
408,7,3,20,66,1902691.5899999999,44939.93638,0.0,0.0
480,2,3,8,80,459693.07999999996,10089.909679999999,0.0,0.0
1636,6,1,15,57,31335444.089999996,715138.99074,0.0,0.0
1159,9,1,29,67,93276307.17999998,1927414.85914,0.0,0.0
127,9,3,14,59,470709.27,13252.82132,0.0,0.0
1995,7,2,5,58,4005091.5700000003,115022.22004,0.0,0.0
1408,7,3,28,80,14913623.89,327977.26894,0.0,0.0
90,8,2,5,58,222508.61999999997,7129.705600000001,0.0,0.0
882,9,2,28,77,24660900.050000004,538291.3768800001,0.0,0.0
1882,3,1,7,96,20886234.35,492889.84382000007,0.0,0.0
1208,5,3,21,59,3602638.47,87490.28576,0.0,0.0
1797,2,1,12,61,9464366.650000002,225352.2485,0.0,0.0
433,5,2,12,70,2206299.9099999997,53476.966159999996,0.0,0.0
153,7,3,30,58,961986.0900000001,24829.32572,0.0,0.0
1448,3,2,21,68,6988202.99,164478.51804,0.0,0.0
1669,6,2,16,58,9285091.56,234214.24424,0.0,0.0
142,4,1,7,64,914719.8600000001,24153.86718,0.0,0.0
1005,8,3,11,83,5122331.8100000005,126693.58680000002,0.0,0.0
680,9,3,30,60,5232893.1899999995,118461.04653999997,0.0,0.0
641,8,2,13,80,7977954.4,187982.42320000002,0.0,0.0
408,8,3,26,98,7042535.029999999,164266.32592000003,0.0,0.0
32,8,3,16,95,368830.22,10869.4268,0.0,0.0
844,4,3,11,51,721000.3400000001,23828.09272,0.0,0.0
1885,7,1,16,59,48084976.379999995,1030942.3589600001,0.0,0.0
1068,7,3,14,95,7969377.76,177395.90699999998,0.0,0.0
995,4,1,30,90,58431666.25,1209569.52494,0.0,0.0
105,2,1,12,59,545214.5999999999,14086.83236,0.0,0.0
200,3,3,23,51,322952.66000000003,8268.829999999998,0.0,0.0
1289,7,1,29,70,86445676.59,1775945.0934000001,0.0,0.0
1393,4,2,15,92,11896136.59,257389.65330000003,0.0,0.0
1212,2,2,18,69,3710433.63,86145.78020000001,0.0,0.0
2024,4,2,7,89,7353472.37,175973.49568,0.0,0.0
176,2,1,30,80,4156217.4299999997,96596.17596,0.0,0.0
573,8,1,25,74,44261557.79000001,975693.08134,0.0,0.0
110,6,2,3,62,149240.98,4821.070559999999,0.0,0.0
1610,7,3,21,66,8017286.609999999,185955.08638000002,0.0,0.0
1310,8,1,10,51,16948607.830000002,450687.1308599999,0.0,0.0
178,2,2,14,73,543875.53,12986.958860000002,0.0,0.0
58,7,2,16,88,1040274.4099999999,28689.708659999997,0.0,0.0
1169,9,3,23,70,9850829.940000001,225488.47621999998,0.0,0.0
707,4,2,29,95,12438980.02,265068.0018600001,0.0,0.0
1183,4,2,13,94,9486172.629999999,217754.86515999996,0.0,0.0
475,4,2,18,90,4651208.23,107590.32196,0.0,0.0
1554,6,2,3,50,1210920.35,35313.01788,0.0,0.0
1018,3,3,29,70,3533974.12,77229.62758,0.0,0.0
106,3,3,11,87,268666.36,7076.754539999999,0.0,0.0
562,3,2,13,67,1619546.5500000003,38914.29756,0.0,0.0
147,8,2,11,80,1510014.48,39874.4213,0.0,0.0
44,8,1,31,75,4469107.1899999995,129509.03865999999,0.0,0.0
1539,7,1,22,97,156476782.64000002,3186800.12734,0.0,0.0
1008,5,1,18,99,60823125.529999994,1259869.35952,0.0,0.0
1873,6,1,20,56,46455268.64,997125.05116,0.0,0.0
880,7,2,18,72,9839019.59,242676.88565999997,0.0,0.0
1669,9,1,30,84,-2393583808.91,4605178.05404,0.0,0.0
1004,8,3,27,62,6956700.33,155043.22938,0.0,0.0
1639,5,1,4,65,9554387.809999999,262298.59456,0.0,0.0
1522,2,1,22,65,16379537.620000001,372864.04354000004,0.0,0.0
1664,9,2,25,62,24675517.22,534327.84208,0.0,0.0
1617,2,3,22,81,4271343.42,95583.62958,0.0,0.0
197,8,2,20,53,1569413.15,42275.82598,0.0,0.0
94,7,3,16,74,495559.62,13275.003560000001,0.0,0.0
891,2,1,3,96,3250695.3999999994,86976.37792,0.0,0.0
805,7,1,15,98,58450828.160000004,1254782.33736,0.0,0.0
1947,5,1,15,82,66145275.010000005,1386846.7738599998,0.0,0.0
339,2,1,24,74,5454904.21,122479.59168,0.0,0.0
1317,7,1,27,59,56822658.510000005,1186729.97936,0.0,0.0
837,5,1,20,81,36952078.9,813986.32514,0.0,0.0
234,4,3,6,63,174099.90000000002,5797.5706,0.0,0.0
1447,5,3,10,75,3213035.6599999997,77102.42724,0.0,0.0
204,7,3,13,64,713406.97,19493.342,0.0,0.0
1964,9,1,15,51,44083157.37,978800.7182199999,0.0,0.0
2021,2,2,22,69,7630505.339999999,172852.25157999998,0.0,0.0
472,6,1,24,83,32377201.68,728811.3645,0.0,0.0
668,7,1,23,52,18620272.099999994,429225.55370000005,0.0,0.0
1292,5,2,22,76,14070521.219999999,309540.84812000004,0.0,0.0
1721,7,2,16,75,19584911.999999996,430480.5833999999,0.0,0.0
205,9,1,10,92,12067549.69,292830.62548000005,0.0,0.0
686,5,1,31,75,40362445.57,874010.1067800003,0.0,0.0
246,5,1,19,68,7395117.760000001,177138.87194,0.0,0.0
1458,2,3,15,64,1539081.69,34069.45886,0.0,0.0
610,3,2,29,68,4173707.55,98378.47318,0.0,0.0
828,5,1,3,71,4658920.619999999,130405.91614000002,0.0,0.0
96,2,2,15,72,286381.67999999993,7345.9857200000015,0.0,0.0
1127,4,1,14,52,9918174.66,244722.13592000003,0.0,0.0
473,3,2,10,64,951681.57,22702.365159999998,0.0,0.0
86,2,2,18,81,369178.15,9144.10508,0.0,0.0
153,3,1,23,90,5052936.25,120067.09837999998,0.0,0.0
1221,6,2,22,79,17469877.740000002,389679.55707999994,0.0,0.0
1173,9,3,7,70,2932413.75,72987.13042000002,0.0,0.0
1075,7,3,8,83,3355502.25,80637.01146000001,0.0,0.0
1697,6,3,8,91,-2615614849.41,145359.55498,0.0,0.0
1280,6,3,4,91,2117022.18,54636.22792,0.0,0.0
330,7,3,13,60,815362.9399999998,19930.47082,0.0,0.0
313,5,3,16,57,682373.1900000001,17251.87424,0.0,0.0
1307,4,3,9,95,3520141.13,81252.30572000002,0.0,0.0
365,5,3,19,90,2229301.59,52236.770580000004,0.0,0.0
997,9,1,30,96,182474130.03,3706924.3019199995,0.0,0.0
85,6,2,7,77,456937.93,13006.02666,0.0,0.0
1593,7,3,29,50,6278025.85,149577.43912,0.0,0.0
2040,8,2,6,68,8417448.459999999,237741.55724,0.0,0.0
1624,5,1,21,94,101891998.05,2083452.4850600003,0.0,0.0
342,4,1,20,93,14519132.190000001,356263.7852,0.0,0.0
422,3,3,11,59,398939.4,9614.945579999998,0.0,0.0
241,8,3,27,57,1407740.4999999998,35081.1921,0.0,0.0
2009,9,3,7,56,3183456.18,99401.46872,0.0,0.0
1087,4,3,31,89,8693039.809999999,185164.89542000002,0.0,0.0
1395,9,3,13,77,7960120.67,194211.92126,0.0,0.0
698,8,1,31,50,27089308.04000001,632906.17826,0.0,0.0
1528,5,1,12,59,19992544.0,487408.60366,0.0,0.0
1020,6,1,7,91,23965704.599999998,582624.4088999999,0.0,0.0
269,7,3,13,98,1928228.7600000002,44913.30986,0.0,0.0
1590,8,1,20,79,110664070.91,2248142.36548,0.0,0.0
359,7,2,19,63,3351294.45,80100.67922,0.0,0.0
969,8,1,22,98,119078848.05999999,2431413.99054,0.0,0.0
1362,9,2,18,61,14430746.070000002,340363.72592,0.0,0.0
535,4,3,23,64,1577528.33,36969.02154,0.0,0.0
126,6,1,23,71,6065566.18,162307.80334000004,0.0,0.0
1494,9,3,17,88,15295682.279999997,338988.399,0.0,0.0
1658,2,1,23,83,30745044.610000003,679087.94058,0.0,0.0
1550,4,1,8,62,11175266.86,305671.95410000003,0.0,0.0
1987,3,1,18,71,30889839.079999994,677436.0850799999,0.0,0.0
1033,6,3,27,74,7437108.69,161430.53375999996,0.0,0.0
1503,6,1,12,91,62531672.85,1328187.92236,0.0,0.0
1203,6,1,24,51,28778822.209999997,637384.7449200001,0.0,0.0
1537,3,2,19,80,9385823.79,211456.27031999998,0.0,0.0
1709,9,2,11,52,7762290.930000002,228820.95893999998,0.0,0.0
742,6,1,30,90,75126244.52,1556779.3574199998,0.0,0.0
2006,2,2,6,90,3651194.909999999,84639.03390000001,0.0,0.0
1565,7,1,15,96,107511936.71,2217305.28422,0.0,0.0
1959,7,3,14,85,11797124.889999997,268956.10815999995,0.0,0.0
2013,9,2,12,69,18462643.78,432525.1881399999,0.0,0.0
1711,3,3,14,85,4387298.36,97020.58015999998,0.0,0.0
471,3,2,30,61,2663206.13,61498.524639999996,0.0,0.0
1888,7,3,24,96,24284204.82,520024.44762000005,0.0,0.0
1459,4,2,10,82,6781894.260000001,166928.65237999996,0.0,0.0
1215,7,1,27,75,87864165.33999999,1805757.9308399998,0.0,0.0
61,3,3,15,69,129233.65000000002,3175.18322,0.0,0.0
622,3,1,27,77,17064147.619999997,407841.71608,0.0,0.0
951,4,1,17,82,25783589.39,586901.9437999999,0.0,0.0
863,6,2,10,72,4886872.26,121282.27318000002,0.0,0.0
93,7,3,20,84,934916.47,24149.085180000002,0.0,0.0
1855,6,1,23,61,63487761.65,1333824.52182,0.0,0.0
1353,5,1,13,71,29131811.96999999,663654.6361799998,0.0,0.0
667,3,2,7,90,1930967.9899999998,46122.640980000004,0.0,0.0
1609,2,3,25,51,1918459.4099999997,41729.06142,0.0,0.0
1899,9,1,18,68,98216565.59,2036061.47214,0.0,0.0
1357,3,3,22,77,4493341.16,104899.56853999998,0.0,0.0
1159,4,2,4,70,1503981.0899999999,45672.502779999995,0.0,0.0
43,6,1,9,66,728988.02,20826.0973,0.0,0.0
985,4,2,8,90,4529679.65,109138.62856000001,0.0,0.0
184,9,3,24,52,907339.6199999999,24007.72686,0.0,0.0
1938,4,1,26,92,102499650.39,2081088.3649800003,0.0,0.0
744,5,1,31,64,30627299.53,692827.34176,0.0,0.0
1623,7,2,7,82,9615850.059999999,241771.47096,0.0,0.0
1022,7,3,20,96,10878199.67,245330.8574,0.0,0.0
720,3,3,4,55,231245.14000000004,7003.2444000000005,0.0,0.0
75,7,1,30,63,4424699.92,139442.06952000002,0.0,0.0
976,3,2,28,60,4834447.39,118086.82801999999,0.0,0.0
1997,3,3,16,81,5346195.45,125421.82635999999,0.0,0.0
189,2,2,12,69,420843.1,10676.96066,0.0,0.0
1823,7,3,9,52,2570039.17,79140.01768,0.0,0.0
1903,9,1,25,55,84226350.58,1746576.66136,0.0,0.0
338,3,2,4,97,677336.4,16764.862520000002,0.0,0.0
2030,2,3,22,80,5285095.14,118275.53266,0.0,0.0
1655,2,3,4,70,634917.18,21886.78136,0.0,0.0
1538,4,2,11,67,5107292.82,138024.00014,0.0,0.0
465,9,2,5,53,992681.79,29706.0711,0.0,0.0
613,6,2,9,56,1769844.1199999999,52569.3117,0.0,0.0
681,5,2,22,95,11982509.639999999,266484.42982,0.0,0.0
1877,8,1,19,92,172185464.4,3498407.9967999994,0.0,0.0
926,4,1,20,59,15338670.45,361792.88597999996,0.0,0.0
547,3,2,18,80,3047425.13,69371.55434,0.0,0.0
1794,7,2,24,91,45837772.589999996,945346.4116400002,0.0,0.0
1268,4,3,12,58,1583631.1300000001,39589.81420000001,0.0,0.0
818,6,1,8,58,8641620.92,242934.84056,0.0,0.0
1021,3,2,27,90,11423844.04,253485.70116,0.0,0.0
1133,3,1,6,54,3801834.1,100521.85412,0.0,0.0
297,6,1,10,90,10548408.13,242361.78858,0.0,0.0
1298,3,2,22,89,11856624.83,264698.28368,0.0,0.0
592,9,2,18,71,9167695.08,222929.67752,0.0,0.0
1810,9,1,20,93,206275918.48,4184757.618320001,0.0,0.0
1890,8,1,28,54,79884859.52,1652493.4004199998,0.0,0.0
1112,5,3,23,51,2561806.17,61327.82628,0.0,0.0
1452,6,3,26,73,9986286.630000003,224121.50276,0.0,0.0
1071,7,2,22,59,9836117.360000001,242667.81844,0.0,0.0
1036,7,3,29,77,10351100.84,228404.41423999998,0.0,0.0
1227,8,2,15,60,9066992.770000001,232376.19168,0.0,0.0
1937,4,3,16,56,3077907.15,74885.41452,0.0,0.0
1161,2,1,4,74,3228066.12,85295.01745999999,0.0,0.0
1493,2,1,18,83,21197487.259999998,480716.74478,0.0,0.0
1956,3,2,24,68,10480908.16,240718.94179999997,0.0,0.0
1919,4,1,30,63,53910352.7,1121186.29494,0.0,0.0
2011,6,2,24,63,19828058.94,428952.53515999997,0.0,0.0
1916,3,2,5,66,2210192.79,64233.66647999999,0.0,0.0
1892,7,3,9,84,6964915.030000001,162250.66722,0.0,0.0
1733,9,2,9,57,7883287.93,231121.37669999996,0.0,0.0
1454,5,3,20,84,8494204.89,194403.44068000003,0.0,0.0
1449,2,3,9,69,1023594.7699999999,22843.93374,0.0,0.0
276,8,2,21,90,6981745.460000001,168206.52236,0.0,0.0
343,8,3,23,79,3139307.2299999995,75701.64736,0.0,0.0
401,5,3,12,64,803862.66,20792.2428,0.0,0.0
374,9,3,7,63,770177.5,23776.37184,0.0,0.0
718,5,2,31,92,16285727.939999998,346753.97342,0.0,0.0
945,3,3,5,86,849151.2799999999,19845.884280000006,0.0,0.0
1736,6,1,20,62,52882344.51,1113878.13138,0.0,0.0
172,6,1,26,75,10526270.09,255245.26347999997,0.0,0.0
329,8,3,14,81,2014847.75,47846.72006,0.0,0.0
1624,5,2,5,78,4760350.910000001,135177.47156000003,0.0,0.0
360,7,3,14,74,1642198.5499999996,39166.12786,0.0,0.0
947,6,3,15,60,2516747.7299999995,61468.48722000001,0.0,0.0
839,9,3,22,62,4722874.89,109341.44432000001,0.0,0.0
1516,4,2,9,97,8485227.93,194124.91172,0.0,0.0
173,8,2,29,76,4228750.779999999,108150.39439999999,0.0,0.0
584,7,3,8,95,2455366.0100000007,57796.30188,0.0,0.0
1058,5,1,14,83,33720342.17,760998.6638999999,0.0,0.0
986,2,3,4,96,630639.8600000001,14276.158179999999,0.0,0.0
1393,6,1,10,72,28661816.26,682044.0857599999,0.0,0.0
551,7,1,21,52,14257484.210000003,339233.32084000006,0.0,0.0
1653,6,3,21,88,13825991.8,299085.03288,0.0,0.0
584,8,2,7,98,5977787.380000001,141750.35004000002,0.0,0.0
1006,9,2,23,73,20443777.57,450008.8654,0.0,0.0
1597,5,2,31,51,10945008.02,252063.10434,0.0,0.0
1626,3,2,9,91,6248497.220000001,138447.32439999998,0.0,0.0
64,5,1,26,94,5285806.76,149901.84934000002,0.0,0.0
322,4,1,16,57,4149658.5800000005,98625.11759999998,0.0,0.0
1535,2,1,25,80,28741340.639999997,623084.6905799999,0.0,0.0
1446,9,3,15,58,4985996.14,123980.23816,0.0,0.0
1063,4,3,22,85,5634293.370000001,125243.80132,0.0,0.0
843,7,3,4,65,828476.17,25655.568620000002,0.0,0.0
853,3,1,21,73,16776625.750000004,392433.643,0.0,0.0
366,2,3,26,66,748297.6799999999,16502.20402,0.0,0.0
1399,4,1,21,85,51429812.8,1073123.8452799998,0.0,0.0
1356,4,3,13,82,4005921.7800000003,94347.19029999999,0.0,0.0
804,4,3,19,72,2447897.17,57567.763139999995,0.0,0.0
1112,3,3,28,78,5016895.75,109553.91166000001,0.0,0.0
1235,8,3,31,87,20050653.6,439963.69081999996,0.0,0.0
481,9,2,22,91,14937190.89,336540.67988000007,0.0,0.0
907,7,1,17,98,74233453.75,1556981.06294,0.0,0.0
1250,2,1,3,50,1174478.81,34721.56247999999,0.0,0.0
1181,8,1,19,50,27918182.93,660147.2080200001,0.0,0.0
1498,6,1,17,82,70977452.08000001,1482543.53292,0.0,0.0
676,6,3,11,71,1733252.4400000002,41515.32726,0.0,0.0
2043,8,3,24,58,9821241.94,231299.15383999998,0.0,0.0
127,3,3,5,85,116322.89000000001,3028.94232,0.0,0.0
748,2,1,25,78,13500044.830000002,308081.8171,0.0,0.0
191,6,1,30,52,6054994.260000001,159842.82867999998,0.0,0.0
631,9,1,21,81,57078755.18000001,1229064.9281000001,0.0,0.0
273,6,3,20,59,857978.8,21462.738579999997,0.0,0.0
1357,5,1,4,53,5214348.890000001,149312.42858,0.0,0.0
1707,8,3,22,89,20803803.54,442319.13256,0.0,0.0
990,2,2,18,51,1679334.6900000002,39865.347180000004,0.0,0.0
71,8,2,7,81,529666.5700000001,15737.801420000003,0.0,0.0
1232,3,1,3,81,4655810.86,123148.64771999998,0.0,0.0
1998,2,2,27,54,5692999.9399999995,129359.72954000001,0.0,0.0
1552,2,1,4,88,6327702.930000001,176982.44948000004,0.0,0.0
448,8,1,25,56,18673787.080000006,429147.6447999999,0.0,0.0
1269,4,1,5,75,9052943.690000001,248862.04924000002,0.0,0.0
1420,7,2,24,69,20316547.74,451105.93269999995,0.0,0.0
1237,7,1,31,59,61140784.63000001,1280982.77988,0.0,0.0
1126,5,2,16,66,6639565.5600000005,151577.57054000002,0.0,0.0
1802,7,3,29,78,18001553.619999997,380931.69486000005,0.0,0.0
838,8,2,27,84,23536790.33,518272.43659999996,0.0,0.0
505,4,2,7,84,1745030.27,40952.93112,0.0,0.0
674,8,2,21,98,20468223.990000002,453102.68574,0.0,0.0
1088,3,2,18,97,9568126.139999999,203752.10272,0.0,0.0
1807,9,2,21,79,39951723.28,840868.3988,0.0,0.0
1473,8,3,24,64,8823483.91,204137.42512000003,0.0,0.0
1799,2,1,26,74,30199703.0,649780.9664799998,0.0,0.0
869,5,2,29,79,13752169.38,293177.07998000004,0.0,0.0
772,4,3,20,97,4731181.76,100695.69408000002,0.0,0.0
658,6,2,24,78,10255068.34,239888.13034,0.0,0.0
1117,3,3,28,94,7010051.640000001,150068.00355999998,0.0,0.0
1902,4,3,16,84,6872764.3500000015,157297.6689,0.0,0.0
382,5,3,23,84,2488168.03,58672.590159999985,0.0,0.0
440,8,1,13,57,9922647.889999999,238530.30016,0.0,0.0
1985,3,3,3,63,603101.5199999999,19351.46518,0.0,0.0
416,7,2,17,50,2091263.5900000003,53303.667440000005,0.0,0.0
770,2,3,16,72,1094494.2799999998,24632.24004,0.0,0.0
293,6,3,14,87,1541771.0300000003,37798.51444,0.0,0.0
1669,3,2,18,84,10395150.919999998,239557.83488000004,0.0,0.0
734,8,2,18,93,16802123.110000003,387715.2967,0.0,0.0
807,9,3,12,77,4136800.960000001,99047.75068,0.0,0.0
1602,2,2,4,59,741931.67,23298.4796,0.0,0.0
874,6,3,28,95,10961118.790000001,238784.45461999997,0.0,0.0
390,9,2,10,73,3504146.34,87696.22004000001,0.0,0.0
1338,9,1,13,67,48921082.06,1051618.78772,0.0,0.0
632,3,3,17,60,966483.1599999999,21977.529799999997,0.0,0.0
1341,7,1,7,53,11697513.95,319756.57594,0.0,0.0
152,7,2,20,89,3167551.7499999995,84678.9354,0.0,0.0
1635,9,1,15,90,130468271.97000003,2667054.78998,0.0,0.0
832,6,2,20,85,12999394.81,294598.01686000003,0.0,0.0
1212,4,1,28,89,64890856.86,1332222.07598,0.0,0.0
889,3,3,3,97,642555.01,20015.81682,0.0,0.0
1106,3,3,22,71,3040272.41,66548.69912,0.0,0.0
1524,9,3,23,98,26169349.47,558663.2376400001,0.0,0.0
591,2,3,12,89,979609.8399999999,21259.0069,0.0,0.0
1271,5,1,14,85,43257453.35999999,918795.43738,0.0,0.0
98,3,3,12,52,73625.34,2664.91742,0.0,0.0
644,5,1,6,84,9356967.58,212680.10369999995,0.0,0.0
1556,5,3,6,59,1363423.61,44010.02162,0.0,0.0
935,3,2,20,73,5091850.4,117830.53099999999,0.0,0.0
929,7,1,3,60,4794348.659999999,141746.85025999998,0.0,0.0
337,7,3,8,90,1285774.93,31640.682500000003,0.0,0.0
382,8,1,25,82,36615324.38,829128.7868400001,0.0,0.0
893,7,2,18,64,7813714.720000001,193758.81069999997,0.0,0.0
1678,6,2,13,98,23208580.779999997,509675.9365,0.0,0.0
2019,3,3,8,87,3179715.4,72750.08881999999,0.0,0.0
344,3,2,23,59,1387545.23,31306.819840000004,0.0,0.0
265,2,3,14,62,286617.97000000003,7064.535179999999,0.0,0.0
489,2,3,26,80,1478360.47,33555.10857999999,0.0,0.0
533,5,2,13,53,1688140.78,40670.9771,0.0,0.0
888,9,3,29,80,12141358.09,275610.31958,0.0,0.0
1719,9,3,13,53,4103602.2,105496.17026,0.0,0.0
1976,5,1,11,56,21447597.65,529058.97664,0.0,0.0
1882,4,3,17,70,5198219.71,124450.98206,0.0,0.0
65,3,1,5,83,454727.77999999997,12966.472300000001,0.0,0.0
767,6,2,19,93,13434624.470000003,312277.55348,0.0,0.0
34,9,1,5,62,420258.23,14395.39906,0.0,0.0
1509,8,1,19,59,53119806.03,1134260.5324000001,0.0,0.0
1352,5,3,23,52,3071447.8399999994,73528.2446,0.0,0.0
1141,4,1,11,63,11558074.59,289630.6338,0.0,0.0
1434,8,3,16,74,8370649.890000002,192851.19978,0.0,0.0
1084,3,2,30,94,14844856.38,315924.06172,0.0,0.0
1629,5,3,7,95,4279935.959999999,100698.47956,0.0,0.0
1115,5,3,17,62,2823982.62,65056.42090000001,0.0,0.0
361,7,3,19,84,2715876.86,66630.43976000001,0.0,0.0
940,9,2,19,94,26712360.240000002,571594.92456,0.0,0.0
1071,8,1,26,69,72992105.01,1529025.83066,0.0,0.0
643,2,3,20,89,1875962.5500000003,41992.14594,0.0,0.0
628,7,2,4,71,1619496.56,45422.008019999994,0.0,0.0
1995,4,1,29,66,59634206.44,1227590.24038,0.0,0.0
603,5,3,27,64,2527749.3299999996,60503.49156000001,0.0,0.0
1358,5,1,6,75,15491981.850000003,391671.21394000005,0.0,0.0
508,2,2,4,80,476040.1,14363.237960000002,0.0,0.0
1366,8,3,18,79,10126125.81,224552.03926,0.0,0.0
1539,6,3,23,86,12885663.370000001,287722.37994,0.0,0.0
141,8,1,9,73,3997780.91,117673.10746,0.0,0.0
1617,8,2,29,84,48981608.620000005,1018980.87326,0.0,0.0
1963,4,1,19,74,49296820.82,1033738.3868999999,0.0,0.0
1411,7,2,17,85,22248378.69,472020.22884,0.0,0.0
1663,3,2,27,81,15479704.0,330162.22758000006,0.0,0.0
811,6,1,26,83,59873160.3,1240734.78796,0.0,0.0
1362,7,1,18,90,97773942.28,2013349.8458,0.0,0.0
559,8,3,9,62,1341476.09,33674.83936,0.0,0.0
1492,7,2,21,78,23797312.15,509209.27441999986,0.0,0.0
1412,6,2,23,63,12851859.24,301438.99481999996,0.0,0.0
447,9,1,9,70,12956821.040000001,308711.28276000003,0.0,0.0
846,2,1,29,93,25063509.439999998,527410.84942,0.0,0.0
1036,8,3,11,66,3243124.7,79950.40838000001,0.0,0.0
1658,8,2,22,80,34244400.239999995,719434.30382,0.0,0.0
970,8,2,16,91,18657816.020000003,412036.11524,0.0,0.0
945,6,1,12,97,45347535.230000004,985816.3065599998,0.0,0.0
1578,9,1,11,72,57685325.95,1244258.90836,0.0,0.0
232,9,1,10,59,5034654.459999999,136184.02964000002,0.0,0.0
917,5,2,12,96,8921753.279999997,217844.67708,0.0,0.0
2043,5,2,23,90,33436909.669999998,713823.9435999998,0.0,0.0
1729,9,1,20,90,183939529.08,3759756.1229600003,0.0,0.0
381,6,2,15,83,4198781.41,95782.51929999999,0.0,0.0
536,8,3,21,84,5335206.68,127007.08572000002,0.0,0.0
1645,3,3,14,83,3974605.9,93283.57558,0.0,0.0
1432,5,1,23,65,46083983.629999995,979324.9313199999,0.0,0.0
241,8,1,16,55,6308458.54,165239.00479999997,0.0,0.0
889,5,3,9,99,3220141.8899999997,77950.50534,0.0,0.0
131,8,2,5,80,627664.38,19144.498620000002,0.0,0.0
1219,3,1,6,63,5589250.799999999,154289.6505,0.0,0.0
1155,4,2,25,61,7055244.9799999995,161665.34106000004,0.0,0.0
788,6,1,23,70,35460566.550000004,795807.13046,0.0,0.0
1886,3,2,11,99,10474407.379999999,241311.71590000004,0.0,0.0
1968,2,3,13,82,3046471.0700000003,69865.52148000001,0.0,0.0
113,7,3,29,88,1543512.27,39160.98248,0.0,0.0
675,6,2,23,82,11491588.589999998,262602.92782,0.0,0.0
296,8,3,18,57,1230046.2399999998,31787.225139999995,0.0,0.0
1251,4,3,21,84,6126335.07,137330.66388,0.0,0.0
2000,6,2,25,59,17548615.95,384096.39822000003,0.0,0.0
570,7,2,5,65,1470415.58,42044.90864,0.0,0.0
733,4,3,3,95,643584.16,21363.809979999998,0.0,0.0
1400,6,2,30,67,19481541.3,414012.88924,0.0,0.0
346,7,2,13,65,2424018.42,60190.6343,0.0,0.0
1798,2,1,19,70,19288467.45,431861.0426800001,0.0,0.0
1366,8,2,19,74,20488876.389999997,450293.53813999996,0.0,0.0
1707,2,3,16,99,4982086.83,117419.7943,0.0,0.0
962,7,1,6,75,15841648.290000003,397001.0642399999,0.0,0.0
2023,8,3,10,98,13532342.030000001,310468.85144,0.0,0.0
801,9,1,7,97,35059092.42,831623.9681599999,0.0,0.0
1876,3,2,10,55,3008152.0799999996,86079.58484,0.0,0.0
1017,8,2,23,87,26098155.220000003,563790.64988,0.0,0.0
1817,8,2,23,54,16602746.819999998,389098.79536,0.0,0.0
980,4,3,25,77,4595547.340000001,100651.66308,0.0,0.0
558,3,1,18,81,11726082.610000001,284648.30508,0.0,0.0
1925,4,2,19,72,12622056.370000001,295596.57258000004,0.0,0.0
464,9,1,3,84,6322965.45,177516.29136,0.0,0.0
1438,7,2,8,63,5811075.2700000005,173060.02434,0.0,0.0
940,9,2,27,54,10923425.39,264341.80022,0.0,0.0
966,4,2,6,75,2074168.9200000004,49950.22747999999,0.0,0.0
294,8,3,4,69,372848.8,12754.88946,0.0,0.0
588,6,3,11,66,1437835.65,34147.15266,0.0,0.0
1016,6,1,24,97,95236143.47,1952916.8051999998,0.0,0.0
1333,6,1,8,84,30383732.740000002,726817.81936,0.0,0.0
1898,4,2,6,51,1878617.6699999995,54445.07182,0.0,0.0
1749,5,2,9,88,10819136.620000001,257996.7315,0.0,0.0
799,5,1,20,99,53836281.75999999,1136071.659,0.0,0.0
1366,5,3,14,53,2147361.38,53215.641480000006,0.0,0.0
756,9,2,18,54,5786939.619999999,141151.28214,0.0,0.0
236,4,3,3,70,114424.81000000001,3993.0823000000005,0.0,0.0
37,4,2,3,82,52228.850000000006,1777.23214,0.0,0.0
495,8,1,25,57,21399750.490000002,491180.93687999994,0.0,0.0
1870,8,2,8,79,13503685.570000002,324503.93682000006,0.0,0.0
2043,2,1,12,79,17874529.39,408940.39415999997,0.0,0.0
412,8,1,11,55,7409388.409999999,179474.76628,0.0,0.0
245,8,1,31,50,9761210.970000003,234166.77975999998,0.0,0.0
1726,2,3,29,56,2946002.55,65440.0076,0.0,0.0
231,9,2,22,68,3954372.8300000005,100774.81572,0.0,0.0
1457,8,3,6,97,5395473.89,132991.50648,0.0,0.0
813,6,1,17,53,14928655.660000002,370242.70436000003,0.0,0.0
886,2,3,8,64,469859.08999999997,14919.981519999998,0.0,0.0
616,8,1,13,86,33983530.56,786540.85344,0.0,0.0
355,4,3,7,97,821960.13,20204.6348,0.0,0.0
649,7,3,6,60,763018.0399999999,24347.19696,0.0,0.0
538,2,1,25,61,5941892.130000001,145547.73959999997,0.0,0.0
1505,7,2,10,87,14761950.75,345327.999,0.0,0.0
613,4,2,24,71,4922715.72,116896.56672,0.0,0.0
1550,7,1,14,96,99186541.06,2049527.8530200005,0.0,0.0
1864,6,2,16,80,20886152.009999998,454933.948,0.0,0.0
1969,9,3,18,81,18384919.390000004,402456.07879999996,0.0,0.0
816,8,3,28,82,10066125.36,223869.74819999997,0.0,0.0
314,6,3,21,55,993107.8099999999,24782.8819,0.0,0.0
1167,3,2,11,64,2657903.94,63844.73483999999,0.0,0.0
225,3,3,22,60,467301.1,11814.359520000002,0.0,0.0
1811,3,2,31,66,12289368.010000002,262883.96557999996,0.0,0.0
91,4,2,21,53,401974.05000000005,11469.07388,0.0,0.0
740,9,3,24,84,9637829.910000002,216713.02284,0.0,0.0
2039,5,3,24,50,5069135.58,118879.27406000001,0.0,0.0
1778,3,3,4,57,572774.42,18727.8682,0.0,0.0
1939,6,1,29,94,207021672.14999998,4206022.57964,0.0,0.0
1420,7,3,4,91,2844150.43,69782.91305999999,0.0,0.0
216,2,1,6,72,764288.15,21556.16904,0.0,0.0
1507,8,2,29,74,34682693.12,723888.85216,0.0,0.0
921,4,2,23,55,4170301.7600000002,101537.79946,0.0,0.0
1326,7,3,4,65,1270884.2300000002,40558.20706,0.0,0.0
270,7,3,7,58,378743.5300000001,12886.9633,0.0,0.0
1246,6,2,11,94,13301992.280000001,320156.31678,0.0,0.0
1341,4,1,23,51,18116667.46,423808.32082,0.0,0.0
1394,5,3,11,95,5853118.609999999,136780.43110000002,0.0,0.0
1041,6,1,17,93,64253278.48,1349481.54632,0.0,0.0
1470,8,2,7,81,9759276.78,244459.13846,0.0,0.0
999,3,3,4,81,645653.93,20871.695100000004,0.0,0.0
632,7,2,16,92,10826162.489999998,259727.28122000006,0.0,0.0
450,2,3,30,79,1542300.1199999996,34693.56664,0.0,0.0
820,8,3,20,71,5348531.220000001,128360.42692,0.0,0.0
842,6,2,26,75,12905325.209999999,297802.28142,0.0,0.0
713,2,1,26,84,15468382.690000001,356003.30708000006,0.0,0.0
473,3,3,6,52,188916.11,6328.51306,0.0,0.0
393,7,1,18,95,32510677.869999997,742266.8621799999,0.0,0.0
2046,8,2,29,81,55989886.589999996,1164747.6510799997,0.0,0.0
1778,6,1,5,73,18969247.74,494480.23268,0.0,0.0
942,5,1,4,50,3024366.64,81335.97846,0.0,0.0
1731,9,1,13,59,47682215.61,1036406.0259,0.0,0.0
226,3,3,13,82,560909.21,13352.48254,0.0,0.0
1054,3,1,9,67,7505821.2,192260.03958000004,0.0,0.0
596,9,3,8,62,1281587.92,39967.449559999994,0.0,0.0
1543,6,1,24,69,71044101.54,1485558.76036,0.0,0.0
415,6,1,30,76,29398396.410000004,668680.17954,0.0,0.0
1315,8,3,11,91,7931352.959999999,183398.69118,0.0,0.0
590,7,3,28,59,3032973.82,70668.17838000001,0.0,0.0
925,3,1,20,74,17213559.46,409598.90996,0.0,0.0
1739,7,1,14,58,37001169.910000004,828801.54166,0.0,0.0
772,7,1,12,53,12308197.879999999,288261.27650000004,0.0,0.0
478,4,3,5,97,730196.4799999999,16376.98254,0.0,0.0
783,9,2,16,82,13846331.11,336299.9568,0.0,0.0
1919,4,2,6,90,6421519.84,164306.61358,0.0,0.0
785,8,2,27,87,23465466.03,508652.74352,0.0,0.0
1757,6,1,22,98,155567490.55,3184280.61866,0.0,0.0
